{"loss": [2.7354989051818848, 0.9043735861778259, 0.7457169890403748, 0.6721316576004028, 0.6208632588386536, 0.588787317276001, 0.5633784532546997, 0.5400781631469727, 0.5207995772361755, 0.4998239278793335, 0.4817197620868683, 0.46473613381385803, 0.44958531856536865, 0.4361899495124817, 0.4242154359817505, 0.41035011410713196, 0.4022980034351349, 0.39166152477264404, 0.3836056888103485, 0.3775433599948883, 0.37058547139167786, 0.36531659960746765, 0.35855424404144287, 0.35485056042671204, 0.3492448031902313, 0.3450697660446167, 0.34140393137931824, 0.33661776781082153, 0.3352847695350647, 0.33048129081726074, 0.3275884985923767, 0.3242824673652649, 0.3209090232849121, 0.317184180021286, 0.31609654426574707, 0.3148494064807892, 0.3120671510696411, 0.3088219463825226, 0.3075316846370697, 0.3046071529388428, 0.3026140034198761, 0.29955944418907166, 0.2979964315891266, 0.29764214158058167, 0.296069473028183, 0.29327741265296936, 0.2932474613189697, 0.2895689308643341, 0.28830432891845703, 0.2875983417034149, 0.2876202166080475, 0.28298112750053406, 0.2833833396434784, 0.2827177047729492, 0.27998197078704834, 0.2785007655620575, 0.2784099578857422, 0.2789515554904938, 0.2757236063480377, 0.2730730473995209, 0.27365899085998535, 0.27325183153152466, 0.27110517024993896, 0.2697170078754425, 0.26959267258644104, 0.27078890800476074, 0.2688087522983551, 0.2670596241950989, 0.264285683631897, 0.2645318806171417, 0.26443207263946533, 0.2645421326160431, 0.2637764811515808, 0.26048076152801514, 0.25999411940574646, 0.2602647542953491, 0.2589970529079437, 0.2576965093612671, 0.256766140460968, 0.2592233717441559, 0.26017892360687256, 0.25540870428085327, 0.25443941354751587, 0.2553638517856598, 0.2565051019191742, 0.25292888283729553, 0.2552717924118042, 0.2529914677143097, 0.25228726863861084, 0.25183814764022827, 0.2514001727104187, 0.24934567511081696, 0.25019553303718567, 0.2504439949989319, 0.24869827926158905, 0.2493746131658554, 0.24718883633613586, 0.24849015474319458, 0.2477978616952896, 0.24781003594398499], "accuracy": [0.5588639378547668, 0.6571064591407776, 0.6918755769729614, 0.7152378559112549, 0.734514594078064, 0.7462226152420044, 0.7567667365074158, 0.7665126919746399, 0.774894654750824, 0.7850923538208008, 0.7930483222007751, 0.8007676005363464, 0.8072068095207214, 0.813753604888916, 0.8197087645530701, 0.8256681561470032, 0.8296977877616882, 0.8347364068031311, 0.8381335139274597, 0.8408120274543762, 0.8436475992202759, 0.8463088870048523, 0.8495446443557739, 0.8511754274368286, 0.85377436876297, 0.855742871761322, 0.8574424982070923, 0.8603039383888245, 0.8597961664199829, 0.8619949221611023, 0.8633825778961182, 0.8652952313423157, 0.8663085103034973, 0.8685761094093323, 0.8685266375541687, 0.8693656921386719, 0.8707060217857361, 0.8722098469734192, 0.8727520108222961, 0.8734254240989685, 0.8744903802871704, 0.8760630488395691, 0.8764438629150391, 0.8765794038772583, 0.8774442672729492, 0.8791137933731079, 0.8784059882164001, 0.8801830410957336, 0.8807381391525269, 0.8810952305793762, 0.8816567659378052, 0.8832574486732483, 0.8826055526733398, 0.8832982778549194, 0.8847548365592957, 0.8851033449172974, 0.8851463794708252, 0.885047435760498, 0.8864802718162537, 0.8881260752677917, 0.8872526288032532, 0.8878937363624573, 0.8881110548973083, 0.8891200423240662, 0.8893588781356812, 0.8886510133743286, 0.890245258808136, 0.8901204466819763, 0.8917985558509827, 0.8919233679771423, 0.892252504825592, 0.8913424611091614, 0.8921040892601013, 0.8932809233665466, 0.8941091895103455, 0.8937778472900391, 0.8942641019821167, 0.8947051167488098, 0.8948363661766052, 0.893958568572998, 0.8936445116996765, 0.8959185481071472, 0.896245539188385, 0.8959680199623108, 0.8956044316291809, 0.8971642255783081, 0.8960562348365784, 0.8969426155090332, 0.896987795829773, 0.897026538848877, 0.8976203203201294, 0.898571252822876, 0.8980527520179749, 0.8978311419487, 0.8988057374954224, 0.8988272547721863, 0.8993844985961914, 0.898652970790863, 0.8988939523696899, 0.8992166519165039], "val_loss": [0.9100373983383179, 0.8158239722251892, 0.9063182473182678, 0.8235712647438049, 0.5741938352584839, 0.5514128804206848, 0.5536326766014099, 0.540770947933197, 0.49530133605003357, 0.5537678003311157, 0.490839421749115, 0.44668662548065186, 0.45039114356040955, 0.4148103892803192, 0.4304588735103607, 0.3908645510673523, 0.3868703544139862, 0.3750552535057068, 0.37456250190734863, 0.3649987578392029, 0.3592394292354584, 0.35953542590141296, 0.3611096739768982, 0.3443932831287384, 0.34860122203826904, 0.350798636674881, 0.34454038739204407, 0.3593084514141083, 0.3281489312648773, 0.33386552333831787, 0.33131012320518494, 0.31644758582115173, 0.3189655840396881, 0.3229169249534607, 0.31501734256744385, 0.3102797865867615, 0.3279397487640381, 0.3129637539386749, 0.32412636280059814, 0.320904403924942, 0.31411394476890564, 0.311727374792099, 0.30522555112838745, 0.2982334494590759, 0.2956385314464569, 0.28645724058151245, 0.29216665029525757, 0.28282517194747925, 0.30997762084007263, 0.2815009355545044, 0.2835155129432678, 0.27498582005500793, 0.29189014434814453, 0.2950681149959564, 0.2943553328514099, 0.29196569323539734, 0.29409894347190857, 0.28292378783226013, 0.2967597246170044, 0.30105531215667725, 0.2742381691932678, 0.3017946183681488, 0.2873048782348633, 0.27234947681427, 0.2723790407180786, 0.3067808449268341, 0.296332985162735, 0.27077168226242065, 0.26188626885414124, 0.2810935974121094, 0.2880849838256836, 0.2750939726829529, 0.26746317744255066, 0.3040923476219177, 0.2553322911262512, 0.28536900877952576, 0.26843878626823425, 0.26441243290901184, 0.28955718874931335, 0.2641114890575409, 0.27001890540122986, 0.26530399918556213, 0.2550523281097412, 0.24629953503608704, 0.25824809074401855, 0.26089563965797424, 0.2706061601638794, 0.25473812222480774, 0.26773086190223694, 0.2664283215999603, 0.2832113802433014, 0.26076579093933105, 0.28620344400405884, 0.275132954120636, 0.2811509370803833, 0.25277620553970337, 0.27123793959617615, 0.25301703810691833, 0.257538378238678, 0.2738344967365265],