{"loss": [2.8518567085266113, 0.9611740112304688, 0.7582640051841736, 0.6677041053771973, 0.6162256002426147, 0.5822884440422058, 0.5550298094749451, 0.5266606211662292, 0.4980156123638153, 0.4796266257762909, 0.4593474566936493, 0.44163957238197327, 0.42542585730552673, 0.41291406750679016, 0.4017551839351654, 0.3904770314693451, 0.3793555498123169, 0.37415385246276855, 0.3635830581188202, 0.35904058814048767, 0.35279738903045654, 0.34556180238723755, 0.33820077776908875, 0.33507031202316284, 0.3293675482273102, 0.32498699426651, 0.32112881541252136, 0.3159162700176239, 0.31253838539123535, 0.3079223036766052, 0.30752289295196533, 0.30238109827041626, 0.2997265160083771, 0.29735124111175537, 0.2950544059276581, 0.29341259598731995, 0.29041963815689087, 0.28877997398376465, 0.2860419452190399, 0.285352885723114, 0.28394439816474915, 0.2819267809391022, 0.27914029359817505, 0.27629345655441284, 0.27458932995796204, 0.2739678621292114, 0.2715744078159332, 0.2690174877643585, 0.26876604557037354, 0.26637592911720276, 0.2663305997848511, 0.26618123054504395, 0.2632782459259033, 0.26228928565979004, 0.26051265001296997, 0.2602289021015167, 0.2581595778465271, 0.2574158012866974, 0.25699204206466675, 0.2553566098213196, 0.25358685851097107, 0.2538943588733673, 0.25332111120224, 0.25211676955223083, 0.2505117654800415, 0.250810444355011, 0.25174346566200256, 0.24938450753688812, 0.2471335381269455, 0.2475215494632721, 0.24833476543426514, 0.24450504779815674, 0.24627585709095, 0.24546803534030914, 0.24190092086791992, 0.24097199738025665, 0.2427016943693161, 0.24043671786785126, 0.2410813719034195, 0.24202507734298706, 0.23873557150363922, 0.23848655819892883, 0.23765558004379272, 0.23834103345870972, 0.2374420017004013, 0.23722492158412933, 0.23647859692573547, 0.23333658277988434, 0.23979155719280243, 0.23499777913093567, 0.2309451699256897, 0.2327185422182083, 0.23292307555675507, 0.23250547051429749, 0.23486556112766266, 0.23043739795684814, 0.2316655069589615, 0.23300272226333618, 0.22973786294460297, 0.228520929813385], "accuracy": [0.5709484815597534, 0.6586189270019531, 0.6968819499015808, 0.7204443216323853, 0.7376320362091064, 0.751185953617096, 0.7615256905555725, 0.7733972668647766, 0.7872846722602844, 0.7949501872062683, 0.8039151430130005, 0.8116818070411682, 0.8198206424713135, 0.8250421285629272, 0.8298548460006714, 0.8352355360984802, 0.840392529964447, 0.8424513936042786, 0.8478773236274719, 0.8490347862243652, 0.852008044719696, 0.855319082736969, 0.8586559295654297, 0.8600091934204102, 0.8630771040916443, 0.8644754886627197, 0.8661579489707947, 0.8687611222267151, 0.8701746463775635, 0.8719237446784973, 0.8727326989173889, 0.8748905658721924, 0.8758780360221863, 0.8770139813423157, 0.8781477808952332, 0.87867271900177, 0.8800001740455627, 0.8812394142150879, 0.8821709752082825, 0.8821494579315186, 0.8828012943267822, 0.8837156891822815, 0.8847849369049072, 0.8866996765136719, 0.8869277238845825, 0.887276291847229, 0.8886080384254456, 0.8897913098335266, 0.8894900679588318, 0.8906669020652771, 0.8911229968070984, 0.8908970952033997, 0.8922675848007202, 0.8927344083786011, 0.8933777213096619, 0.8935261368751526, 0.8944727778434753, 0.8953096866607666, 0.8948342204093933, 0.8958324790000916, 0.8966478705406189, 0.8964993953704834, 0.896684467792511, 0.8971620798110962, 0.8980226516723633, 0.8976568579673767, 0.8971943259239197, 0.8985648155212402, 0.899896502494812, 0.8989735841751099, 0.899033784866333, 0.90065598487854, 0.9003052711486816, 0.9004085659980774, 0.901783287525177, 0.9027471542358398, 0.9015982747077942, 0.9023469686508179, 0.901822030544281, 0.9019381999969482, 0.9035947918891907, 0.9036636352539062, 0.9037411212921143, 0.9036550521850586, 0.9034291505813599, 0.9039239883422852, 0.9042574763298035, 0.9055612087249756, 0.9034894108772278, 0.905029833316803, 0.9070628881454468, 0.9057225584983826, 0.9059247970581055, 0.906215250492096, 0.9055396914482117, 0.9073748588562012, 0.9064863324165344, 0.9063206315040588, 0.9076610207557678, 0.9076545238494873], "val_loss": [1.0349607467651367, 0.9178994297981262, 0.8004004955291748, 0.6015148758888245, 0.5948337316513062, 0.5519621968269348, 0.5341507196426392, 0.505341112613678, 0.4849872887134552, 0.48845869302749634, 0.4513953626155853, 0.44415926933288574, 0.4261340796947479, 0.40417614579200745, 0.40200453996658325, 0.3861982524394989, 0.389488160610199, 0.3744448721408844, 0.3715473413467407, 0.37771353125572205, 0.3445749282836914, 0.3435843288898468, 0.33997175097465515, 0.35418444871902466, 0.33719879388809204, 0.3164038062095642, 0.316625714302063, 0.3497072160243988, 0.3027869760990143, 0.30104997754096985, 0.30290400981903076, 0.30238592624664307, 0.3275477886199951, 0.315837025642395, 0.28940439224243164, 0.28849706053733826, 0.32361316680908203, 0.30028584599494934, 0.2831069231033325, 0.2899186909198761, 0.3062708079814911, 0.2936899960041046, 0.28569626808166504, 0.2947107255458832, 0.2951892614364624, 0.2887435257434845, 0.28282424807548523, 0.2789212465286255, 0.2769898474216461, 0.28115642070770264, 0.28516513109207153, 0.2771680951118469, 0.27080637216567993, 0.2665967643260956, 0.26374274492263794, 0.26487699151039124, 0.2612869441509247, 0.2587988078594208, 0.28152477741241455, 0.25356295704841614, 0.27937087416648865, 0.2595902979373932, 0.2807323932647705, 0.2724112272262573, 0.2605544924736023, 0.25837239623069763, 0.26561570167541504, 0.2454284280538559, 0.2616666257381439, 0.2534450888633728, 0.2527904808521271, 0.2566196620464325, 0.2508596181869507, 0.25289008021354675, 0.262145459651947, 0.26997384428977966, 0.2588752210140228, 0.2545322775840759, 0.2438337206840515, 0.25036704540252686, 0.2510497570037842, 0.2506985664367676, 0.2531548738479614, 0.26362165808677673, 0.2523157298564911, 0.27562570571899414, 0.250360369682312, 0.25429174304008484, 0.25146839022636414, 0.24436049163341522, 0.2705826461315155, 0.260830819606781, 0.24308279156684875, 0.23627066612243652, 0.23464642465114594, 0.25955674052238464, 0.25579339265823364, 0.2605583071708679, 0.24564556777477264, 0.243112713098526],