{"loss": [2.741853713989258, 0.9412403106689453, 0.7468957901000977, 0.674162745475769, 0.6221940517425537, 0.5921139121055603, 0.5666359663009644, 0.5390456914901733, 0.519170343875885, 0.5010792016983032, 0.4825030565261841, 0.4660457968711853, 0.4525817334651947, 0.4390101730823517, 0.42916151881217957, 0.41660118103027344, 0.40768614411354065, 0.3987451493740082, 0.39082592725753784, 0.3837454319000244, 0.37531548738479614, 0.37000879645347595, 0.3651726543903351, 0.3573887348175049, 0.3537396490573883, 0.34935078024864197, 0.34662577509880066, 0.3418063521385193, 0.33723270893096924, 0.33266371488571167, 0.33056169748306274, 0.32756486535072327, 0.3232704997062683, 0.3206240236759186, 0.3178572952747345, 0.31477150321006775, 0.3129062056541443, 0.3104122281074524, 0.3073844313621521, 0.3054710626602173, 0.3033696115016937, 0.30005204677581787, 0.2988535761833191, 0.2975907623767853, 0.29637977480888367, 0.2938162088394165, 0.2915674149990082, 0.2907453775405884, 0.28712397813796997, 0.28748390078544617, 0.2856757342815399, 0.2855502963066101, 0.28157976269721985, 0.28194794058799744, 0.27969321608543396, 0.2792360484600067, 0.2789416015148163, 0.2747017741203308, 0.27638906240463257, 0.2736797332763672, 0.2726186513900757, 0.27247151732444763, 0.2716856300830841, 0.27060583233833313, 0.2678182125091553, 0.2679596245288849, 0.26806163787841797, 0.26431596279144287, 0.2660864293575287, 0.2692252993583679, 0.26333367824554443, 0.26226043701171875, 0.26508763432502747, 0.26600009202957153, 0.25824102759361267, 0.2591700851917267, 0.2579410672187805, 0.2587631344795227, 0.2598312497138977, 0.2551821172237396, 0.2550232410430908, 0.2560034692287445, 0.2533372938632965, 0.2537911534309387, 0.25315386056900024, 0.2521364390850067, 0.25260597467422485, 0.2534649670124054, 0.2505547106266022, 0.25118809938430786, 0.2525363266468048, 0.24884812533855438, 0.25209787487983704, 0.24809323251247406, 0.2481350153684616, 0.24765129387378693, 0.24986982345581055, 0.24430279433727264, 0.24741770327091217, 0.2462283968925476], "accuracy": [0.5638530850410461, 0.6538621187210083, 0.6939581632614136, 0.7162511944770813, 0.7342585921287537, 0.7466658353805542, 0.7566893100738525, 0.7680616974830627, 0.7760263085365295, 0.784745991230011, 0.7931774258613586, 0.8004857897758484, 0.8061935305595398, 0.81272953748703, 0.8171334862709045, 0.8227551579475403, 0.8265846967697144, 0.8310660719871521, 0.8346933722496033, 0.8376580476760864, 0.8417220711708069, 0.8448610305786133, 0.8471802473068237, 0.8504353165626526, 0.8516466021537781, 0.8534839153289795, 0.8556051850318909, 0.8579287528991699, 0.859112024307251, 0.8615043759346008, 0.8623391389846802, 0.8638430237770081, 0.8649553060531616, 0.866413950920105, 0.867457389831543, 0.8697142004966736, 0.8701401948928833, 0.8715687394142151, 0.8728036880493164, 0.873855710029602, 0.8743354678153992, 0.8760092854499817, 0.8766009211540222, 0.8770634531974792, 0.8775733709335327, 0.878750205039978, 0.8795053362846375, 0.880256175994873, 0.8819149136543274, 0.8817664980888367, 0.8827690482139587, 0.8827733397483826, 0.8841803669929504, 0.8842470645904541, 0.8850882649421692, 0.8855809569358826, 0.8855831027030945, 0.8877624869346619, 0.8864566087722778, 0.8877560496330261, 0.8885456323623657, 0.8882982134819031, 0.888821005821228, 0.8896363973617554, 0.8908584117889404, 0.8906260132789612, 0.8906346559524536, 0.8921750783920288, 0.8913102149963379, 0.890406608581543, 0.8925881385803223, 0.8934121131896973, 0.8918007016181946, 0.8915404081344604, 0.8946018815040588, 0.8939757943153381, 0.894939661026001, 0.8944900035858154, 0.8946083188056946, 0.8962348103523254, 0.8954796195030212, 0.8954989910125732, 0.8967554569244385, 0.8970717191696167, 0.8969447612762451, 0.8975299596786499, 0.8977364897727966, 0.8970136046409607, 0.8979322910308838, 0.8978655934333801, 0.897527813911438, 0.8995307683944702, 0.8984787464141846, 0.899253249168396, 0.8999007940292358, 0.8996039032936096, 0.8987454771995544, 0.9010303020477295, 0.8994016647338867, 0.9004687666893005], "val_loss": [0.8502213954925537, 0.8373918533325195, 0.6638718843460083, 0.8678563237190247, 0.5916227698326111, 0.5610342025756836, 0.539598822593689, 0.5238367915153503, 0.5210626125335693, 0.5432179570198059, 0.4656687378883362, 0.4626445174217224, 0.4452386498451233, 0.4395899772644043, 0.42028725147247314, 0.4046460688114166, 0.4018957316875458, 0.3987977206707001, 0.37588396668434143, 0.4410282373428345, 0.37974387407302856, 0.3726324737071991, 0.36206886172294617, 0.3432072103023529, 0.3410504460334778, 0.35327622294425964, 0.34466633200645447, 0.3557843565940857, 0.3514516055583954, 0.346884161233902, 0.3408232033252716, 0.32973548769950867, 0.3232601583003998, 0.3356859087944031, 0.31272611021995544, 0.3175659477710724, 0.2942604124546051, 0.3242132365703583, 0.3143709897994995, 0.32181522250175476, 0.3268384039402008, 0.31039145588874817, 0.3196868300437927, 0.2986457645893097, 0.2994140088558197, 0.31434008479118347, 0.3101988434791565, 0.3121379315853119, 0.2971082925796509, 0.3082656264305115, 0.2913554310798645, 0.30383211374282837, 0.3187585175037384, 0.3012911379337311, 0.28928548097610474, 0.28920337557792664, 0.2839777171611786, 0.27867332100868225, 0.28110426664352417, 0.28743553161621094, 0.29898858070373535, 0.2907160520553589, 0.2796313166618347, 0.28537842631340027, 0.2966093420982361, 0.277965247631073, 0.2790897488594055, 0.26775774359703064, 0.28007030487060547, 0.3130647838115692, 0.2956368625164032, 0.2835439145565033, 0.33844223618507385, 0.27841028571128845, 0.2802264392375946, 0.2699677646160126, 0.2713170647621155, 0.2694851756095886, 0.26527801156044006, 0.2882004678249359, 0.25081515312194824, 0.2998369634151459, 0.2780563235282898, 0.2589374780654907, 0.26455622911453247, 0.25758031010627747, 0.253940224647522, 0.2745968997478485, 0.27113357186317444, 0.26988038420677185, 0.26994308829307556, 0.2733977735042572, 0.2598072290420532, 0.2484607696533203, 0.24939389526844025, 0.26006704568862915, 0.255290150642395, 0.2682751715183258, 0.25781750679016113, 0.26182088255882263],