{"loss": [6.382665157318115, 1.5744682550430298, 1.3534306287765503, 1.1430327892303467, 0.9872890710830688, 0.8688502907752991, 0.8205342292785645, 0.756733775138855, 0.6931135058403015, 0.6590009927749634, 0.631023108959198, 0.6062806248664856, 0.5890125036239624, 0.5768433809280396, 0.5634852051734924, 0.549838125705719, 0.5423049330711365, 0.5310402512550354, 0.5204658508300781, 0.511278510093689, 0.502090334892273, 0.4970473647117615, 0.48948368430137634, 0.48086613416671753, 0.4789118468761444, 0.47164708375930786, 0.46633490920066833, 0.46241575479507446, 0.45935356616973877, 0.4545396864414215, 0.4512893259525299, 0.4483579397201538, 0.4461918771266937, 0.44396981596946716, 0.44091978669166565, 0.43936043977737427, 0.43502798676490784, 0.4337009787559509, 0.4322539269924164, 0.42966723442077637, 0.4262135624885559, 0.42603814601898193, 0.42682838439941406, 0.4197956621646881, 0.4189419150352478, 0.41932934522628784, 0.41588759422302246, 0.4159924387931824, 0.41229090094566345, 0.4129810333251953, 0.41068291664123535, 0.4090113043785095, 0.40713953971862793, 0.4056352376937866, 0.406233549118042, 0.40558692812919617, 0.4022800326347351, 0.40142375230789185, 0.4002852737903595, 0.40005043148994446, 0.3978366255760193, 0.3972046971321106, 0.3973506689071655, 0.3966542184352875, 0.39415180683135986, 0.3932320773601532, 0.39356720447540283, 0.39341217279434204, 0.3913971185684204, 0.3907482922077179, 0.3902568519115448, 0.390733540058136, 0.3882589638233185, 0.3891739249229431, 0.3875080347061157, 0.3866521716117859, 0.38530606031417847, 0.38456717133522034, 0.3847475051879883, 0.38353055715560913, 0.3823820948600769, 0.38100704550743103, 0.3813515305519104, 0.3826114237308502, 0.37919318675994873, 0.37864935398101807, 0.37827953696250916, 0.3786395192146301, 0.37682920694351196, 0.3803393840789795, 0.37639543414115906, 0.37875136733055115, 0.37422099709510803, 0.3741149306297302, 0.3739132583141327, 0.3764779567718506, 0.3736603558063507, 0.38075485825538635, 0.3720158040523529, 0.3720141053199768], "accuracy": [0.5483865141868591, 0.6290433406829834, 0.6450434327125549, 0.6612759232521057, 0.6746706962585449, 0.6886054277420044, 0.6962472796440125, 0.7053972482681274, 0.7191018462181091, 0.7270728349685669, 0.7345619201660156, 0.7417455315589905, 0.7490625381469727, 0.7528253793716431, 0.7587568163871765, 0.7640364170074463, 0.7676529288291931, 0.7718955278396606, 0.7768072485923767, 0.7814779877662659, 0.7846599221229553, 0.78705233335495, 0.7910776138305664, 0.7945887446403503, 0.7953890562057495, 0.7995047569274902, 0.8018820881843567, 0.8035063743591309, 0.8053027987480164, 0.8071185946464539, 0.8083105087280273, 0.8093518018722534, 0.8107243776321411, 0.8112859129905701, 0.8130479454994202, 0.8135104775428772, 0.8156576156616211, 0.8162320256233215, 0.8173873424530029, 0.8179919123649597, 0.8196979761123657, 0.8196700215339661, 0.8199389576911926, 0.8227314949035645, 0.8234027028083801, 0.8232908844947815, 0.8242461085319519, 0.8245558738708496, 0.8260016441345215, 0.8260855674743652, 0.8267396092414856, 0.8280605673789978, 0.8284220099449158, 0.8294051885604858, 0.8284972906112671, 0.8288372159004211, 0.8310359716415405, 0.8308939933776855, 0.8313113451004028, 0.832169771194458, 0.8322256803512573, 0.8330088257789612, 0.8327980041503906, 0.8329851627349854, 0.8345987200737, 0.8343900442123413, 0.8346481919288635, 0.8346095085144043, 0.8357024192810059, 0.8359476923942566, 0.8361133337020874, 0.8360272645950317, 0.8367974758148193, 0.8363650441169739, 0.8372213244438171, 0.8383142352104187, 0.8388327360153198, 0.8385315537452698, 0.8382991552352905, 0.8391059637069702, 0.8393468856811523, 0.8407431840896606, 0.8407044410705566, 0.8398675322532654, 0.8413649201393127, 0.8421502113342285, 0.8416768908500671, 0.8409605026245117, 0.8423718214035034, 0.8409303426742554, 0.8424901366233826, 0.8418232202529907, 0.8434819579124451, 0.8435636758804321, 0.8441510200500488, 0.8424944281578064, 0.8437078595161438, 0.8410207033157349, 0.8448050618171692, 0.8448330163955688], "val_loss": [1.331661343574524, 1.4325371980667114, 1.0491342544555664, 1.172808289527893, 1.019331932067871, 0.7785508632659912, 0.7017488479614258, 0.6460038423538208, 0.5898285508155823, 0.7002156376838684, 0.5874748229980469, 0.5910241007804871, 0.5635578036308289, 0.6016188263893127, 0.5527940988540649, 0.5333505272865295, 0.5304869413375854, 0.5114149451255798, 0.515845775604248, 0.5074309706687927, 0.5039476156234741, 0.49431902170181274, 0.49220219254493713, 0.4838010370731354, 0.4742788076400757, 0.4611755609512329, 0.47294819355010986, 0.4692491590976715, 0.4502201974391937, 0.4638049900531769, 0.43981704115867615, 0.46874505281448364, 0.4450477361679077, 0.44492843747138977, 0.4350036084651947, 0.44342416524887085, 0.4410071074962616, 0.42675352096557617, 0.4364706873893738, 0.421427845954895, 0.43628424406051636, 0.41888105869293213, 0.41914862394332886, 0.42369773983955383, 0.43056946992874146, 0.431262731552124, 0.41033849120140076, 0.4153309762477875, 0.40933895111083984, 0.4285281300544739, 0.4068085551261902, 0.3952362835407257, 0.4149499833583832, 0.41003668308258057, 0.39557838439941406, 0.41219285130500793, 0.40584468841552734, 0.3894643187522888, 0.4038532078266144, 0.40499433875083923, 0.40298184752464294, 0.4374132454395294, 0.39484909176826477, 0.39739111065864563, 0.3986312747001648, 0.391716867685318, 0.40981850028038025, 0.3991278111934662, 0.3823397755622864, 0.3949718773365021, 0.42811617255210876, 0.3972674310207367, 0.38082003593444824, 0.37893834710121155, 0.3830215632915497, 0.40522900223731995, 0.3991294205188751, 0.40134745836257935, 0.3969276547431946, 0.37609824538230896, 0.3986842930316925, 0.3795873820781708, 0.3800077438354492, 0.3858162760734558, 0.4058048129081726, 0.37821778655052185, 0.3883006274700165, 0.3946618437767029, 0.36830615997314453, 0.3752342462539673, 0.42335188388824463, 0.3716801106929779, 0.40292370319366455, 0.3884616494178772, 0.37289655208587646, 0.37227705121040344, 0.36874672770500183, 0.37516456842422485, 0.3692147731781006, 0.3877244293689728],