{"loss": [4.85637092590332, 1.7542182207107544, 1.4338864088058472, 1.140354871749878, 1.050248384475708, 0.9171200394630432, 0.8482094407081604, 0.7667149901390076, 0.7399060130119324, 0.6907495856285095, 0.6680578589439392, 0.6319384574890137, 0.6151198744773865, 0.5928614735603333, 0.5801016688346863, 0.5674903988838196, 0.5618246793746948, 0.5510688424110413, 0.5437754988670349, 0.5342106819152832, 0.5261609554290771, 0.5221332311630249, 0.5136100649833679, 0.5102570056915283, 0.50173419713974, 0.49557584524154663, 0.48940935730934143, 0.48760634660720825, 0.48218536376953125, 0.4769444167613983, 0.4737793207168579, 0.47003650665283203, 0.46771958470344543, 0.46385249495506287, 0.46022188663482666, 0.45598629117012024, 0.4552779793739319, 0.44998088479042053, 0.4467328190803528, 0.44523152709007263, 0.4446500837802887, 0.4412989616394043, 0.4378601610660553, 0.4359924793243408, 0.4334396421909332, 0.4333360493183136, 0.4318690598011017, 0.4295561909675598, 0.4288785457611084, 0.42630261182785034, 0.42404699325561523, 0.4225250780582428, 0.42253759503364563, 0.4185033142566681, 0.41976815462112427, 0.41714584827423096, 0.4164468050003052, 0.4150715470314026, 0.4152566194534302, 0.4142511785030365, 0.4117029011249542, 0.41003724932670593, 0.4094591438770294, 0.4086790680885315, 0.4069651663303375, 0.40825825929641724, 0.40717461705207825, 0.40753036737442017, 0.4031291604042053, 0.4025914669036865, 0.4066760241985321, 0.40278807282447815, 0.4017689824104309, 0.3999166786670685, 0.3998097777366638, 0.39855310320854187, 0.3982563316822052, 0.39657658338546753, 0.39557328820228577, 0.39651748538017273, 0.39259597659111023, 0.3991404175758362, 0.3935709297657013, 0.3921787738800049, 0.39271286129951477, 0.39260175824165344, 0.3908292055130005, 0.3902844488620758, 0.3902353048324585, 0.38928383588790894, 0.38896113634109497, 0.3874737024307251, 0.3881698548793793, 0.38649335503578186, 0.38605010509490967, 0.3863016963005066, 0.3886638581752777, 0.3850118815898895, 0.3827958405017853, 0.3854973614215851], "accuracy": [0.5409749150276184, 0.6163133382797241, 0.6371176242828369, 0.6582273840904236, 0.6661574840545654, 0.6797394156455994, 0.6868928670883179, 0.6991538405418396, 0.7050530314445496, 0.7155110836029053, 0.7209455966949463, 0.731345534324646, 0.7369629144668579, 0.7446004748344421, 0.7503856420516968, 0.755615770816803, 0.7576208710670471, 0.762678861618042, 0.7661921381950378, 0.7704368829727173, 0.7741782069206238, 0.7757337093353271, 0.7798601388931274, 0.7817167639732361, 0.7859443426132202, 0.7882936596870422, 0.7910776138305664, 0.7922587394714355, 0.7945672273635864, 0.7971919775009155, 0.7981880903244019, 0.7998231649398804, 0.8008084893226624, 0.802639365196228, 0.8040657639503479, 0.806167721748352, 0.8062752485275269, 0.8085471391677856, 0.8102102279663086, 0.8107243776321411, 0.8109524846076965, 0.8121787905693054, 0.8140462040901184, 0.8150466084480286, 0.8158103823661804, 0.8163654208183289, 0.8170925974845886, 0.8181102275848389, 0.8185620307922363, 0.8191967010498047, 0.820134699344635, 0.8207758665084839, 0.8209006190299988, 0.8232349157333374, 0.822821855545044, 0.8238201141357422, 0.8238545060157776, 0.824327826499939, 0.8248807787895203, 0.8249990940093994, 0.8266922831535339, 0.8268686532974243, 0.8272279500961304, 0.8272602558135986, 0.8287210464477539, 0.8280196785926819, 0.8277443051338196, 0.8281337022781372, 0.8296827077865601, 0.8300355672836304, 0.8282864689826965, 0.8304206728935242, 0.8299795985221863, 0.8313801884651184, 0.8316125273704529, 0.8323160409927368, 0.8315393924713135, 0.8330195546150208, 0.8338823318481445, 0.8332841992378235, 0.8347815871238708, 0.8330023884773254, 0.8347063064575195, 0.8354313373565674, 0.8352871537208557, 0.8350849747657776, 0.8359153866767883, 0.8357540369033813, 0.8361348509788513, 0.8371589183807373, 0.83664470911026, 0.836825430393219, 0.8368771076202393, 0.8376322388648987, 0.8379570841789246, 0.8379054665565491, 0.836986780166626, 0.8381916284561157, 0.8394695520401001, 0.8383314609527588], "val_loss": [2.796661615371704, 0.9185633063316345, 0.9078453183174133, 0.8146577477455139, 1.380926489830017, 0.6584259867668152, 0.669034481048584, 0.9979725480079651, 0.809605062007904, 0.6690557599067688, 0.6672382950782776, 0.6705936789512634, 0.5784522294998169, 0.5805855989456177, 0.5535441637039185, 0.5808845162391663, 0.5511548519134521, 0.5357784628868103, 0.5487788915634155, 0.5245168209075928, 0.5080103278160095, 0.5177947282791138, 0.5113799571990967, 0.503608226776123, 0.51872718334198, 0.47747835516929626, 0.47992879152297974, 0.4711757004261017, 0.4953475892543793, 0.48060381412506104, 0.45931968092918396, 0.4645566940307617, 0.4526863396167755, 0.4667917490005493, 0.4715883731842041, 0.4437468349933624, 0.4558500349521637, 0.4459450840950012, 0.44179660081863403, 0.4426063895225525, 0.4486396312713623, 0.4343099594116211, 0.43960756063461304, 0.41592806577682495, 0.42629414796829224, 0.45130157470703125, 0.4258335530757904, 0.43383562564849854, 0.4375187158584595, 0.4276641607284546, 0.4091649353504181, 0.4402082562446594, 0.40929269790649414, 0.4148385524749756, 0.41612157225608826, 0.41077283024787903, 0.4222705662250519, 0.4306766390800476, 0.42900243401527405, 0.40007153153419495, 0.4036155939102173, 0.39424264430999756, 0.41326650977134705, 0.3997580409049988, 0.4085055887699127, 0.3965536952018738, 0.40393245220184326, 0.3935335576534271, 0.4148530960083008, 0.3964399993419647, 0.4346022605895996, 0.40253835916519165, 0.41415849328041077, 0.4062439501285553, 0.39367130398750305, 0.4361334443092346, 0.39379239082336426, 0.3952159881591797, 0.3941943943500519, 0.3979704976081848, 0.40202808380126953, 0.3853256404399872, 0.3997369706630707, 0.391726553440094, 0.4087466299533844, 0.38107621669769287, 0.3985859155654907, 0.3957720696926117, 0.3893378973007202, 0.38581767678260803, 0.38693395256996155, 0.3916233479976654, 0.426686555147171, 0.39030349254608154, 0.38298502564430237, 0.39432933926582336, 0.388668030500412, 0.3933151662349701, 0.4082006812095642, 0.3824017345905304],