{"loss": [21.42321014404297, 1.416426420211792, 1.2944306135177612, 1.1535919904708862, 1.1951720714569092, 1.1500592231750488, 1.0986855030059814, 1.1477024555206299, 1.087920069694519, 1.0637681484222412, 1.0590364933013916, 1.0514042377471924, 1.0414326190948486, 1.0054454803466797, 0.9902437329292297, 1.01256263256073, 0.935729444026947, 0.9878503680229187, 0.9591287970542908, 0.9467206597328186, 0.9173240661621094, 0.9208228588104248, 0.9351584911346436, 0.8968725800514221, 0.9233990907669067, 0.90245121717453, 0.89767986536026, 0.8967887163162231, 0.8652920722961426, 0.8977637887001038, 0.8429099321365356, 0.8779658079147339, 0.8637323975563049, 0.865738034248352, 0.8700149655342102, 0.8502238988876343, 0.8722679615020752, 0.8420694470405579, 0.8374502062797546, 0.842235803604126, 0.8191341757774353, 0.8415545225143433, 0.829829752445221, 0.8203629851341248, 0.7984966039657593, 0.8077114224433899, 0.8073041439056396, 0.7891736030578613, 0.7880900502204895, 0.792168915271759, 0.7905613780021667, 0.7743495106697083, 0.7798284292221069, 0.7764204144477844, 0.7692540884017944, 0.7622596621513367, 0.7719403505325317, 0.7553166747093201, 0.7731328010559082, 0.7514722347259521, 0.7522932291030884, 0.7397351861000061, 0.7524164319038391, 0.7511275410652161, 0.7411697506904602, 0.7328994274139404, 0.7278704643249512, 0.7225807905197144, 0.7335078716278076, 0.71062171459198, 0.7240313291549683, 0.7093051075935364, 0.7183337211608887, 0.7137925028800964, 0.7069191932678223, 0.6993367671966553, 0.7042855620384216, 0.7060372233390808, 0.7068344354629517, 0.6969583630561829, 0.6984858512878418, 0.6912208199501038, 0.6899899244308472, 0.6943033337593079, 0.6862574815750122, 0.6776921153068542, 0.6807759404182434, 0.6785613894462585, 0.6779822707176208, 0.669428825378418, 0.6695952415466309, 0.6622704267501831, 0.6666882038116455, 0.664160966873169, 0.6609513759613037, 0.663982629776001, 0.6606032848358154, 0.6592216491699219, 0.6555758714675903, 0.6466929912567139], "accuracy": [0.5479734539985657, 0.6156206130981445, 0.6281203627586365, 0.6343551874160767, 0.6390753984451294, 0.6406975984573364, 0.6466914415359497, 0.6455705165863037, 0.647186279296875, 0.6500433683395386, 0.6514245867729187, 0.6523991823196411, 0.6537351608276367, 0.6580488085746765, 0.6587329506874084, 0.6579756140708923, 0.6638920307159424, 0.6589201092720032, 0.6615061163902283, 0.6655163764953613, 0.6668868064880371, 0.6672439575195312, 0.6657164692878723, 0.6711316108703613, 0.6674634218215942, 0.6715553998947144, 0.668635904788971, 0.6717920899391174, 0.6756796836853027, 0.6701247096061707, 0.6773234009742737, 0.6743931174278259, 0.6760733723640442, 0.6756452918052673, 0.6767812371253967, 0.6779989004135132, 0.6729538440704346, 0.6814089417457581, 0.680526852607727, 0.6805182099342346, 0.6822307705879211, 0.6800405979156494, 0.6812540292739868, 0.6821877360343933, 0.685505211353302, 0.6841154098510742, 0.6853395700454712, 0.6866347193717957, 0.6877341270446777, 0.6864023804664612, 0.6863614916801453, 0.6906987428665161, 0.6887624859809875, 0.6899414658546448, 0.6902792453765869, 0.6916131377220154, 0.689896285533905, 0.6929749846458435, 0.6878718137741089, 0.694011926651001, 0.695976197719574, 0.6969249844551086, 0.6949284672737122, 0.6943432688713074, 0.697701632976532, 0.6982308626174927, 0.6997541189193726, 0.7013805508613586, 0.6973552703857422, 0.7033491134643555, 0.7008405327796936, 0.7036761045455933, 0.7005199790000916, 0.7016150951385498, 0.7029381990432739, 0.7057350277900696, 0.7053090333938599, 0.7047109603881836, 0.7045754194259644, 0.7075034976005554, 0.7056726813316345, 0.7080543041229248, 0.7077315449714661, 0.7080004811286926, 0.7099002003669739, 0.7130950689315796, 0.711100697517395, 0.7114986777305603, 0.7116578817367554, 0.7143945097923279, 0.7151926755905151, 0.7174602746963501, 0.7163888812065125, 0.7172300815582275, 0.718402624130249, 0.7164340615272522, 0.7182950377464294, 0.7187080979347229, 0.7198440432548523, 0.7233917713165283], "val_loss": [1.2786626815795898, 1.0457234382629395, 1.839504361152649, 0.8472615480422974, 0.8355887532234192, 1.2064392566680908, 1.3136824369430542, 0.7747091054916382, 0.9288632869720459, 1.0363805294036865, 1.338204264640808, 0.7985376119613647, 0.7183314561843872, 0.7778359055519104, 0.8382171392440796, 0.7354500889778137, 0.7830672264099121, 0.7989062070846558, 1.1511015892028809, 0.8914660215377808, 0.765228271484375, 0.8913117051124573, 1.1208199262619019, 1.139390468597412, 0.9423943161964417, 0.9231201410293579, 0.9916900992393494, 0.7142598032951355, 1.3163681030273438, 1.1644163131713867, 0.736652672290802, 0.7012411952018738, 0.7959243059158325, 0.9295393824577332, 0.7820595502853394, 1.2021430730819702, 1.129929542541504, 0.734210193157196, 0.8135015368461609, 0.6730413436889648, 1.5837624073028564, 0.7154554128646851, 0.8549652695655823, 1.0393303632736206, 0.653980016708374, 1.0304065942764282, 0.9192352294921875, 0.7440291047096252, 0.9523051381111145, 0.8001126050949097, 0.685621976852417, 0.7788552641868591, 1.1545279026031494, 0.7760013341903687, 0.6714344024658203, 0.8179259300231934, 0.7452923655509949, 0.6512488722801208, 0.7210880517959595, 0.6530569791793823, 0.6879435181617737, 0.8188733458518982, 0.9033862352371216, 0.7051190733909607, 0.6854105591773987, 0.6297515034675598, 0.6441832780838013, 0.658079206943512, 0.7041915655136108, 0.6429100632667542, 0.6419624090194702, 0.6694487929344177, 0.8150113821029663, 0.6952049732208252, 0.6620195508003235, 0.6539745330810547, 0.6543869972229004, 0.7109450101852417, 0.6323642134666443, 0.7701632380485535, 0.6775367856025696, 0.6384640336036682, 0.6688176989555359, 0.6604897975921631, 0.7122560143470764, 0.731053352355957, 0.6203609704971313, 0.6474671959877014, 0.6943951845169067, 0.6073195338249207, 0.7600987553596497, 0.6327939629554749, 0.6531394124031067, 0.6211597919464111, 0.6431518793106079, 0.6290725469589233, 0.6126704216003418, 0.61137855052948, 0.5970847606658936, 0.6211506128311157],