{"loss": [2.4335856437683105, 0.9322507977485657, 0.7369869947433472, 0.6566060185432434, 0.6131434440612793, 0.5800871253013611, 0.5519528388977051, 0.5255829095840454, 0.5026878118515015, 0.47890159487724304, 0.45890673995018005, 0.4409629702568054, 0.42500609159469604, 0.41554534435272217, 0.40472590923309326, 0.39393359422683716, 0.3858799934387207, 0.3789863586425781, 0.37158679962158203, 0.36482393741607666, 0.3592538833618164, 0.3523252308368683, 0.34916698932647705, 0.34150928258895874, 0.33765771985054016, 0.3342275023460388, 0.3303114175796509, 0.3267686367034912, 0.32260751724243164, 0.3197125196456909, 0.315802663564682, 0.31357884407043457, 0.30916717648506165, 0.30846086144447327, 0.3042306900024414, 0.30261775851249695, 0.29996106028556824, 0.29749733209609985, 0.2946154773235321, 0.29366618394851685, 0.29114460945129395, 0.2898175120353699, 0.28764206171035767, 0.2854081988334656, 0.2837809920310974, 0.28230178356170654, 0.2813885509967804, 0.2791822552680969, 0.27689751982688904, 0.27693381905555725, 0.2749287784099579, 0.27271768450737, 0.27161118388175964, 0.271083801984787, 0.2693410813808441, 0.268538236618042, 0.26669108867645264, 0.26604142785072327, 0.263688862323761, 0.2625817358493805, 0.261782705783844, 0.26220014691352844, 0.2601602077484131, 0.25967544317245483, 0.25926658511161804, 0.2558973431587219, 0.2567671537399292, 0.25428369641304016, 0.2582589387893677, 0.25535184144973755, 0.2528779208660126, 0.25251030921936035, 0.25183841586112976, 0.2522627115249634, 0.24940389394760132, 0.24924331903457642, 0.24904625117778778, 0.251262366771698, 0.24586448073387146, 0.24651825428009033, 0.24622660875320435, 0.24601344764232635, 0.24736495316028595, 0.24347209930419922, 0.2460913509130478, 0.2444397658109665, 0.2443370223045349, 0.244110107421875, 0.24234429001808167, 0.23976309597492218, 0.2426876574754715, 0.2389962375164032, 0.23997659981250763, 0.23769433796405792, 0.23891840875148773, 0.23748281598091125, 0.23913627862930298, 0.24410580098628998, 0.23633132874965668, 0.23668180406093597], "accuracy": [0.5754342079162598, 0.6593073606491089, 0.6982911229133606, 0.7238242030143738, 0.7388045191764832, 0.7508481740951538, 0.7635071873664856, 0.7752560973167419, 0.7863079309463501, 0.7963034510612488, 0.8054620027542114, 0.8128026723861694, 0.8198808431625366, 0.8246182799339294, 0.8291835784912109, 0.8332562446594238, 0.837584912776947, 0.8402203917503357, 0.8438326120376587, 0.8466230034828186, 0.8492907881736755, 0.8523845076560974, 0.8535785675048828, 0.8572596311569214, 0.8589398860931396, 0.8603792190551758, 0.8626833558082581, 0.8639247417449951, 0.8660180568695068, 0.867377758026123, 0.8694732785224915, 0.8702155351638794, 0.8718161582946777, 0.8723626136779785, 0.8742601871490479, 0.875402569770813, 0.8759146332740784, 0.8774248957633972, 0.8790083527565002, 0.8789330720901489, 0.8799635767936707, 0.8807015419006348, 0.8816438317298889, 0.8827174305915833, 0.8832509517669678, 0.8843847513198853, 0.8845310807228088, 0.885813295841217, 0.8862478733062744, 0.886755645275116, 0.8877173066139221, 0.8884681463241577, 0.8885133266448975, 0.8894212245941162, 0.8901849985122681, 0.8904410004615784, 0.8910025358200073, 0.8916156888008118, 0.8925558924674988, 0.8931453824043274, 0.8935713171958923, 0.8934121131896973, 0.8945932388305664, 0.8942877650260925, 0.8944942951202393, 0.8958991765975952, 0.8958088159561157, 0.8966478705406189, 0.8948277831077576, 0.8966758251190186, 0.8973686099052429, 0.8978010416030884, 0.8974718451499939, 0.8981667757034302, 0.8990273475646973, 0.8991521000862122, 0.8990316390991211, 0.8984357118606567, 0.9002923965454102, 0.9003590941429138, 0.9009034037590027, 0.9002622365951538, 0.9000298976898193, 0.9013960361480713, 0.8999782800674438, 0.9016434550285339, 0.9012669920921326, 0.9012885093688965, 0.9019403457641602, 0.902904212474823, 0.9019984602928162, 0.903786301612854, 0.9028676152229309, 0.9043413400650024, 0.9033624529838562, 0.9049437642097473, 0.9034463763237, 0.9015961289405823, 0.9045951962471008, 0.9040035605430603], "val_loss": [1.1621547937393188, 1.1300076246261597, 0.6826556921005249, 0.6850374341011047, 0.5948190689086914, 0.5482850074768066, 0.5598030686378479, 0.5431269407272339, 0.4811226427555084, 0.4574357271194458, 0.4470900595188141, 0.4905157685279846, 0.41825416684150696, 0.4200340807437897, 0.41126304864883423, 0.38112354278564453, 0.3637661337852478, 0.3777902126312256, 0.36453303694725037, 0.36309361457824707, 0.35858872532844543, 0.3591959774494171, 0.339324027299881, 0.3419298231601715, 0.3594152331352234, 0.33491143584251404, 0.3314685523509979, 0.3157576620578766, 0.37345921993255615, 0.3173014223575592, 0.36611905694007874, 0.3094857335090637, 0.35724109411239624, 0.3029552102088928, 0.3175308406352997, 0.3185850977897644, 0.3361176550388336, 0.3010331392288208, 0.29990920424461365, 0.2991922199726105, 0.2951281666755676, 0.29716578125953674, 0.2955179214477539, 0.2825767695903778, 0.3001055121421814, 0.30468377470970154, 0.2845056653022766, 0.28962627053260803, 0.28890109062194824, 0.2831093668937683, 0.29867908358573914, 0.2922101318836212, 0.2736262083053589, 0.2789727747440338, 0.2724325656890869, 0.2689140737056732, 0.2796492874622345, 0.29659605026245117, 0.277836412191391, 0.2830634117126465, 0.29436710476875305, 0.2582125663757324, 0.2674585282802582, 0.28595325350761414, 0.26677602529525757, 0.263300359249115, 0.2644316554069519, 0.2673962414264679, 0.26155710220336914, 0.2901952564716339, 0.2602918744087219, 0.24425503611564636, 0.2674117684364319, 0.25162655115127563, 0.26610052585601807, 0.24988731741905212, 0.2533281743526459, 0.25167548656463623, 0.2515733242034912, 0.259002149105072, 0.2637525200843811, 0.2503175437450409, 0.2599942982196808, 0.2623838484287262, 0.2792884409427643, 0.2558203339576721, 0.26151660084724426, 0.2584565579891205, 0.2527753412723541, 0.24777686595916748, 0.26355239748954773, 0.26239171624183655, 0.24116137623786926, 0.2477828413248062, 0.26310619711875916, 0.23714721202850342, 0.2547447681427002, 0.25739586353302, 0.2537091374397278, 0.2521096169948578],