{"loss": [2.521146297454834, 0.7810712456703186, 0.6813801527023315, 0.6270827054977417, 0.6027279496192932, 0.5714520812034607, 0.5477614402770996, 0.525519847869873, 0.5047621726989746, 0.4878254532814026, 0.4720095098018646, 0.45775917172431946, 0.44410017132759094, 0.43232545256614685, 0.4191271662712097, 0.40876504778862, 0.4001633822917938, 0.3933916985988617, 0.3842068016529083, 0.3790105879306793, 0.37223294377326965, 0.36782220005989075, 0.36050382256507874, 0.3572303354740143, 0.35257044434547424, 0.3480360805988312, 0.34418562054634094, 0.3405302166938782, 0.33722829818725586, 0.33311334252357483, 0.332592636346817, 0.32851073145866394, 0.3257933259010315, 0.32197293639183044, 0.3208586871623993, 0.3193690776824951, 0.3156532645225525, 0.31299418210983276, 0.31187689304351807, 0.3091732859611511, 0.3065168261528015, 0.30433937907218933, 0.3026404082775116, 0.299903005361557, 0.30033349990844727, 0.2963990569114685, 0.29639843106269836, 0.2955734133720398, 0.29062023758888245, 0.29235944151878357, 0.2897094190120697, 0.2878531515598297, 0.2865523397922516, 0.28439781069755554, 0.28302106261253357, 0.28386402130126953, 0.279820054769516, 0.2782169580459595, 0.2789471447467804, 0.27895426750183105, 0.2767663896083832, 0.2767156660556793, 0.2746773958206177, 0.2752344012260437, 0.2721601724624634, 0.2719815969467163, 0.2709963619709015, 0.2696338891983032, 0.26989346742630005, 0.2698647975921631, 0.26833274960517883, 0.268314003944397, 0.26551511883735657, 0.26618170738220215, 0.26444631814956665, 0.2632458806037903, 0.2637149691581726, 0.26360994577407837, 0.261115700006485, 0.2602052390575409, 0.25983256101608276, 0.2594500482082367, 0.2623274624347687, 0.25651776790618896, 0.2575185000896454, 0.255352646112442, 0.25661903619766235, 0.2556745111942291, 0.2526558041572571, 0.2542126774787903, 0.2529529631137848, 0.2538250684738159, 0.2537347972393036, 0.25381550192832947, 0.25373852252960205, 0.25413230061531067, 0.24993209540843964, 0.25046974420547485, 0.24932216107845306, 0.25255462527275085], "accuracy": [0.5817034244537354, 0.6749460697174072, 0.7110770344734192, 0.7322168946266174, 0.7429826259613037, 0.7571755051612854, 0.7665019631385803, 0.7758713960647583, 0.7848836779594421, 0.7914390563964844, 0.7989389300346375, 0.8050446510314941, 0.8115527033805847, 0.8166042566299438, 0.8223442435264587, 0.826832115650177, 0.831165075302124, 0.8335058093070984, 0.8379205465316772, 0.8403903245925903, 0.8434410691261292, 0.8458463549613953, 0.8488174676895142, 0.8503944873809814, 0.8520984053611755, 0.8540346622467041, 0.8555126786231995, 0.8573499917984009, 0.8583375215530396, 0.8604459166526794, 0.8606718182563782, 0.8625736832618713, 0.8642281293869019, 0.8659578561782837, 0.8659793734550476, 0.8667259216308594, 0.8686084151268005, 0.8697637319564819, 0.8697658777236938, 0.8715537190437317, 0.8723453879356384, 0.8734211325645447, 0.8747420907020569, 0.875299334526062, 0.8749722838401794, 0.8773259520530701, 0.877205491065979, 0.8780617117881775, 0.8794236183166504, 0.8793030977249146, 0.8795613050460815, 0.8807424306869507, 0.8819687366485596, 0.8826550245285034, 0.8831821084022522, 0.8827152848243713, 0.8839974999427795, 0.8852367401123047, 0.8845483064651489, 0.884868860244751, 0.8853765726089478, 0.8859466910362244, 0.8865576982498169, 0.8865900039672852, 0.8880034685134888, 0.8879410624504089, 0.8881712555885315, 0.8888360857963562, 0.8887048363685608, 0.8886682391166687, 0.889703094959259, 0.8900150656700134, 0.8911101222038269, 0.8903614282608032, 0.8912456631660461, 0.8914629220962524, 0.8918200731277466, 0.8917727470397949, 0.8925644755363464, 0.893315315246582, 0.8931303024291992, 0.8932658433914185, 0.8927409052848816, 0.8953570127487183, 0.8944663405418396, 0.8952903151512146, 0.8945179581642151, 0.8949611783027649, 0.8966994881629944, 0.8958260416984558, 0.8962433934211731, 0.8959336280822754, 0.8964757323265076, 0.8964779376983643, 0.8958260416984558, 0.8959766030311584, 0.8980957865715027, 0.8973686099052429, 0.8978397846221924, 0.8969835042953491], "val_loss": [1.1106045246124268, 0.7060385942459106, 0.613705575466156, 0.6483578085899353, 0.5672585964202881, 0.5527084469795227, 0.5244439244270325, 0.5472851991653442, 0.48329856991767883, 0.4856455326080322, 0.45850586891174316, 0.4643816351890564, 0.4483494758605957, 0.44456955790519714, 0.4379006028175354, 0.4113878607749939, 0.396297812461853, 0.3937571346759796, 0.3943869173526764, 0.3853427767753601, 0.36772292852401733, 0.3650297522544861, 0.3617174029350281, 0.3484813868999481, 0.36062517762184143, 0.3624872863292694, 0.35979869961738586, 0.335065096616745, 0.34805941581726074, 0.35665571689605713, 0.3543573021888733, 0.34088537096977234, 0.34076642990112305, 0.33122193813323975, 0.34477585554122925, 0.3265322744846344, 0.3244134783744812, 0.31603822112083435, 0.3108409643173218, 0.32302048802375793, 0.31764084100723267, 0.30750876665115356, 0.31390464305877686, 0.3040826916694641, 0.32052651047706604, 0.3009204566478729, 0.299008309841156, 0.34804704785346985, 0.29907310009002686, 0.30615589022636414, 0.3092978596687317, 0.29139190912246704, 0.2790975272655487, 0.2925117313861847, 0.2998862862586975, 0.30298277735710144, 0.293276846408844, 0.309805303812027, 0.29458627104759216, 0.29203155636787415, 0.30190509557724, 0.28692176938056946, 0.2782675623893738, 0.28528159856796265, 0.30169543623924255, 0.28832000494003296, 0.2707437574863434, 0.30768075585365295, 0.2781289219856262, 0.2662998139858246, 0.27592167258262634, 0.2814754545688629, 0.27551132440567017, 0.3013284206390381, 0.27437499165534973, 0.28546977043151855, 0.2928953766822815, 0.27465006709098816, 0.2749473452568054, 0.25951823592185974, 0.26792895793914795, 0.25984326004981995, 0.26721641421318054, 0.2706156075000763, 0.25647011399269104, 0.27409127354621887, 0.2612016201019287, 0.26433834433555603, 0.25824564695358276, 0.2652430534362793, 0.272468626499176, 0.25506654381752014, 0.26176363229751587, 0.27404657006263733, 0.25338104367256165, 0.27106937766075134, 0.2654770612716675, 0.27268823981285095, 0.27613669633865356, 0.2675155699253082],