{"loss": [12.611644744873047, 1.350707769393921, 1.1539013385772705, 1.245344638824463, 1.117163062095642, 1.081747055053711, 1.1176837682724, 1.1151578426361084, 1.1243510246276855, 1.078104853630066, 1.0802112817764282, 1.0132187604904175, 0.9937111139297485, 1.0266363620758057, 1.0474635362625122, 1.0325427055358887, 1.0108979940414429, 1.0006327629089355, 0.9646356701850891, 1.0036288499832153, 0.9880803227424622, 0.9388694763183594, 0.9508517384529114, 0.9217280149459839, 0.9450078010559082, 0.9306929707527161, 0.8977454304695129, 0.910529375076294, 0.90743088722229, 0.8679961562156677, 0.8815993070602417, 0.899120032787323, 0.8655859231948853, 0.8703305125236511, 0.8420383334159851, 0.8480399250984192, 0.8387466073036194, 0.8069530129432678, 0.8227084875106812, 0.809518575668335, 0.8013116717338562, 0.8091173768043518, 0.8092048168182373, 0.7971855401992798, 0.7914514541625977, 0.7944777607917786, 0.775048017501831, 0.7705529928207397, 0.7681067585945129, 0.7534067034721375, 0.7704052329063416, 0.7558846473693848, 0.7514001131057739, 0.7374887466430664, 0.734025776386261, 0.7459739446640015, 0.7152581810951233, 0.7291568517684937, 0.7247081995010376, 0.7108054161071777, 0.72358638048172, 0.7106038331985474, 0.7002553343772888, 0.6984578371047974, 0.7004603147506714, 0.6957129240036011, 0.697553277015686, 0.6850289702415466, 0.6940785050392151, 0.6856375336647034, 0.6856896877288818, 0.6758381724357605, 0.6761608123779297, 0.6720053553581238, 0.6682720184326172, 0.6650272607803345, 0.6674202084541321, 0.6653032302856445, 0.655923068523407, 0.6532275676727295, 0.6524304151535034, 0.6472522020339966, 0.6457807421684265, 0.6410847902297974, 0.6435555219650269, 0.6350483298301697, 0.6343786120414734, 0.6317063570022583, 0.6314095258712769, 0.6244968175888062, 0.629749596118927, 0.6223156452178955, 0.6240785121917725, 0.622043251991272, 0.6185415387153625, 0.6186972260475159, 0.614824116230011, 0.6191036105155945, 0.6102956533432007, 0.6140431761741638], "accuracy": [0.5695651173591614, 0.6182733178138733, 0.6308462023735046, 0.6329115629196167, 0.636857271194458, 0.6390668153762817, 0.6385074257850647, 0.6442883014678955, 0.6467882394790649, 0.6489934325218201, 0.6473261117935181, 0.6544150114059448, 0.6539761424064636, 0.6506500244140625, 0.6537459492683411, 0.6545183062553406, 0.6578035354614258, 0.658661961555481, 0.6575324535369873, 0.6577475666999817, 0.6628722548484802, 0.6617664694786072, 0.6615039706230164, 0.6649311780929565, 0.6639823913574219, 0.6639135479927063, 0.6670826077461243, 0.6668825149536133, 0.666824460029602, 0.670617401599884, 0.6728634834289551, 0.6682379245758057, 0.6706991195678711, 0.6720330119132996, 0.6740209460258484, 0.6752063632011414, 0.6748018860816956, 0.6785303354263306, 0.6799395084381104, 0.6796168088912964, 0.6814562678337097, 0.6805655360221863, 0.6816025376319885, 0.6817768216133118, 0.6857978105545044, 0.6820199489593506, 0.6868842840194702, 0.6862323880195618, 0.6867960691452026, 0.6892616152763367, 0.6881385445594788, 0.6903846263885498, 0.6913248300552368, 0.6927512288093567, 0.695472776889801, 0.6910215020179749, 0.6970949172973633, 0.6937537789344788, 0.6957524418830872, 0.6999606490135193, 0.6955803632736206, 0.70155268907547, 0.7022454142570496, 0.7028306126594543, 0.703637421131134, 0.7042247653007507, 0.7034502625465393, 0.7071786522865295, 0.7053993940353394, 0.7068494558334351, 0.7076799273490906, 0.7103778123855591, 0.7097431421279907, 0.7117525935173035, 0.7123613953590393, 0.7137856483459473, 0.714532196521759, 0.7150377631187439, 0.7178884148597717, 0.7185316681861877, 0.7188071012496948, 0.7212618589401245, 0.7221094965934753, 0.7235316038131714, 0.7232325673103333, 0.7244094014167786, 0.7256507277488708, 0.7270943522453308, 0.7271524667739868, 0.7304978966712952, 0.727468729019165, 0.7313821315765381, 0.7297815084457397, 0.7313348054885864, 0.732105016708374, 0.731926441192627, 0.7345382571220398, 0.7315692901611328, 0.7360033988952637, 0.7336390018463135], "val_loss": [1.0809704065322876, 1.360384225845337, 2.3837947845458984, 1.4862357378005981, 1.662393569946289, 1.472411036491394, 1.5703706741333008, 0.7626790404319763, 0.7522612810134888, 0.8450850248336792, 0.8130387663841248, 1.2864089012145996, 1.4469294548034668, 1.013267993927002, 0.8964924812316895, 1.1919147968292236, 0.8339357376098633, 1.118330717086792, 0.7763709425926208, 0.7707874774932861, 1.1467326879501343, 1.2987732887268066, 0.6983036398887634, 1.3669061660766602, 0.7082200050354004, 0.8346344828605652, 0.6923850774765015, 0.7571955323219299, 0.8262696862220764, 0.9015889167785645, 0.7412587404251099, 0.7592408061027527, 0.7113585472106934, 0.6686720848083496, 0.7761238217353821, 0.887071430683136, 1.0674446821212769, 0.6675853729248047, 0.7194440364837646, 0.8189494013786316, 0.8330780863761902, 1.074632167816162, 0.9564605355262756, 0.8126674890518188, 1.0710499286651611, 0.6780179142951965, 0.7380925416946411, 0.6357406973838806, 0.7750511765480042, 0.6762922406196594, 0.7133638858795166, 0.7741626501083374, 1.0571677684783936, 0.6401950120925903, 0.7345470190048218, 0.8177164196968079, 0.931927502155304, 0.6506720781326294, 0.6754288077354431, 0.8004660606384277, 0.7739145159721375, 0.8346996307373047, 0.7082727551460266, 0.6881389021873474, 0.6247230172157288, 0.6468164324760437, 0.8170438408851624, 0.6866304278373718, 0.6527838706970215, 0.8207073211669922, 0.8105306029319763, 0.6110963225364685, 0.7060440182685852, 0.6119399666786194, 0.6415931582450867, 0.7826768755912781, 0.6175830364227295, 0.6994096636772156, 0.6280942559242249, 0.6163551211357117, 0.6050386428833008, 0.6328203678131104, 0.6133297681808472, 0.6066915988922119, 0.716733992099762, 0.5942378044128418, 0.6519772410392761, 0.669811487197876, 0.6224423050880432, 0.6104529500007629, 0.6476733088493347, 0.6664907932281494, 0.610971987247467, 0.661052942276001, 0.609127402305603, 0.5946379899978638, 0.6179880499839783, 0.5949157476425171, 0.5969556570053101, 0.6104916334152222],