{"loss": [2.7786991596221924, 1.0129278898239136, 0.7776172757148743, 0.6815109848976135, 0.6266064643859863, 0.593884289264679, 0.5623806118965149, 0.5338398218154907, 0.5101218223571777, 0.4856933057308197, 0.4634142518043518, 0.4445094168186188, 0.4282921552658081, 0.41233623027801514, 0.4028027653694153, 0.3905094861984253, 0.38215240836143494, 0.3755140006542206, 0.36452144384384155, 0.3604526221752167, 0.35269615054130554, 0.34626829624176025, 0.3400226831436157, 0.33561500906944275, 0.33078041672706604, 0.32646313309669495, 0.3231371343135834, 0.31780850887298584, 0.31590530276298523, 0.312112033367157, 0.3069923222064972, 0.30461785197257996, 0.302752822637558, 0.2990792393684387, 0.29752445220947266, 0.2952389121055603, 0.2920753061771393, 0.2910356819629669, 0.2887384593486786, 0.2858482301235199, 0.28472191095352173, 0.2831020951271057, 0.2815954089164734, 0.2786885201931, 0.27723973989486694, 0.27587786316871643, 0.27265211939811707, 0.27175626158714294, 0.2710359990596771, 0.2673143744468689, 0.268282026052475, 0.267354816198349, 0.2661464810371399, 0.26319238543510437, 0.2628270983695984, 0.2611771523952484, 0.2597458064556122, 0.26050281524658203, 0.2585352659225464, 0.2574729323387146, 0.2564605474472046, 0.25505000352859497, 0.2551025152206421, 0.255317747592926, 0.2506411373615265, 0.2511485517024994, 0.25269007682800293, 0.2512049376964569, 0.24942530691623688, 0.2479219138622284, 0.2488679438829422, 0.24550677835941315, 0.24568042159080505, 0.2503049671649933, 0.24230904877185822, 0.24563395977020264, 0.24288111925125122, 0.24450963735580444, 0.24040427803993225, 0.24120673537254333, 0.23963786661624908, 0.23952752351760864, 0.239362895488739, 0.2385396659374237, 0.23915046453475952, 0.2350030243396759, 0.23983927071094513, 0.23679856956005096, 0.2356099933385849, 0.23528815805912018, 0.23470854759216309, 0.23396509885787964, 0.23356077075004578, 0.23007306456565857, 0.2337656319141388, 0.23119975626468658, 0.23205074667930603, 0.2323353886604309, 0.2299981564283371, 0.2292281985282898], "accuracy": [0.5726265907287598, 0.656032919883728, 0.6944766640663147, 0.717481791973114, 0.7340520620346069, 0.7462484836578369, 0.7582985758781433, 0.77030348777771, 0.7804000973701477, 0.7923426628112793, 0.8022155165672302, 0.8111116886138916, 0.8185749650001526, 0.826253354549408, 0.8299581408500671, 0.8360939621925354, 0.8401579856872559, 0.8426859378814697, 0.847616970539093, 0.8493015170097351, 0.8529589772224426, 0.8562700152397156, 0.8589958548545837, 0.8607836961746216, 0.8628124594688416, 0.8649144172668457, 0.8665128946304321, 0.8683803677558899, 0.8694388270378113, 0.8710803985595703, 0.8737717866897583, 0.8736792802810669, 0.8752283453941345, 0.8769924640655518, 0.8770914673805237, 0.8792278170585632, 0.8796924948692322, 0.8802152872085571, 0.8813426494598389, 0.8826743960380554, 0.8829712867736816, 0.8833994269371033, 0.8845611810684204, 0.8858627676963806, 0.8866201043128967, 0.8868481516838074, 0.88815838098526, 0.8887177109718323, 0.8890318274497986, 0.8909960985183716, 0.8905743956565857, 0.8904474973678589, 0.8911058306694031, 0.893136739730835, 0.8926612734794617, 0.8935455083847046, 0.8938832879066467, 0.8939349055290222, 0.8946664333343506, 0.895021378993988, 0.8958475589752197, 0.8962670564651489, 0.8960583806037903, 0.8959185481071472, 0.8982678651809692, 0.8980463147163391, 0.8974030017852783, 0.8985346555709839, 0.8988960981369019, 0.899356484413147, 0.8989692330360413, 0.9007312655448914, 0.9004300832748413, 0.8990036845207214, 0.9020091891288757, 0.9006258249282837, 0.9018435478210449, 0.9011185169219971, 0.9028568863868713, 0.9023878574371338, 0.9036141633987427, 0.9031688570976257, 0.9035065770149231, 0.9042381048202515, 0.9033108353614807, 0.9051158428192139, 0.903786301612854, 0.9045091867446899, 0.905169665813446, 0.9051244854927063, 0.9057871103286743, 0.9056214690208435, 0.9062604308128357, 0.9071102142333984, 0.9061421155929565, 0.9071210026741028, 0.9068843126296997, 0.9063723087310791, 0.9074157476425171, 0.907957911491394], "val_loss": [1.2043745517730713, 0.8064482808113098, 0.6506142616271973, 0.594760000705719, 0.5899762511253357, 0.5726945996284485, 0.5257179141044617, 0.5256186723709106, 0.4878869354724884, 0.5240128040313721, 0.45118096470832825, 0.4205743670463562, 0.45604658126831055, 0.415312260389328, 0.3816772997379303, 0.37830063700675964, 0.38390180468559265, 0.3538982570171356, 0.3857279121875763, 0.3648068308830261, 0.3480686545372009, 0.33882254362106323, 0.34644803404808044, 0.36837881803512573, 0.3280826508998871, 0.32883501052856445, 0.3155485987663269, 0.313931941986084, 0.30681830644607544, 0.3030812442302704, 0.3102349042892456, 0.3045487403869629, 0.29636794328689575, 0.3098403811454773, 0.3158557116985321, 0.30343517661094666, 0.3032304346561432, 0.2890926003456116, 0.28796809911727905, 0.2935596704483032, 0.29343944787979126, 0.28503116965293884, 0.2888840436935425, 0.27477559447288513, 0.2860453724861145, 0.29329344630241394, 0.2964412569999695, 0.27524664998054504, 0.29291459918022156, 0.2973940968513489, 0.25351905822753906, 0.2764897048473358, 0.2703952193260193, 0.2791723310947418, 0.2728346586227417, 0.271487832069397, 0.28539881110191345, 0.2611806094646454, 0.27272284030914307, 0.2916352450847626, 0.26222139596939087, 0.28023138642311096, 0.2629659175872803, 0.257686048746109, 0.26240694522857666, 0.27006208896636963, 0.27062705159187317, 0.27737492322921753, 0.24903038144111633, 0.24792607128620148, 0.27312809228897095, 0.2491384893655777, 0.2657095789909363, 0.2594795525074005, 0.26178523898124695, 0.24509654939174652, 0.25248444080352783, 0.24630174040794373, 0.26131927967071533, 0.24860607087612152, 0.2534717917442322, 0.259609192609787, 0.2415916621685028, 0.2443399280309677, 0.2751085162162781, 0.23449167609214783, 0.2467212677001953, 0.27154120802879333, 0.24930712580680847, 0.26164621114730835, 0.2487703561782837, 0.24896784126758575, 0.2694655954837799, 0.24215522408485413, 0.2457149624824524, 0.2456991821527481, 0.24531249701976776, 0.2531343400478363, 0.2440008521080017, 0.22657863795757294],