{"loss": [2.456420421600342, 0.8560017943382263, 0.7133533358573914, 0.6573381423950195, 0.6223757863044739, 0.5965639352798462, 0.5751403570175171, 0.5537312030792236, 0.5364083051681519, 0.5157397389411926, 0.49933922290802, 0.483908474445343, 0.4717581868171692, 0.45870500802993774, 0.44598767161369324, 0.43679171800613403, 0.42444661259651184, 0.41669005155563354, 0.40643778443336487, 0.39804357290267944, 0.3915006220340729, 0.38572755455970764, 0.3797666132450104, 0.3757801949977875, 0.36976370215415955, 0.3661552667617798, 0.36331573128700256, 0.3588533103466034, 0.35384708642959595, 0.3518125116825104, 0.34665989875793457, 0.34401360154151917, 0.34196218848228455, 0.3380874991416931, 0.3361463248729706, 0.3335675597190857, 0.3312215209007263, 0.3279222249984741, 0.3254474699497223, 0.32385125756263733, 0.3249700367450714, 0.32127997279167175, 0.31902170181274414, 0.31637245416641235, 0.31454378366470337, 0.31459832191467285, 0.3126017153263092, 0.31074777245521545, 0.3092953562736511, 0.3073233664035797, 0.30509209632873535, 0.3055267632007599, 0.3031572699546814, 0.30224981904029846, 0.3001480996608734, 0.3000260293483734, 0.29928314685821533, 0.2972843050956726, 0.2962278723716736, 0.2948071360588074, 0.2946447730064392, 0.29320797324180603, 0.2910141050815582, 0.2919706404209137, 0.29027891159057617, 0.28948116302490234, 0.2881336510181427, 0.2882526218891144, 0.28592294454574585, 0.2863996922969818, 0.2840205132961273, 0.2823924422264099, 0.2848825454711914, 0.2816306948661804, 0.28207114338874817, 0.28080227971076965, 0.2803137004375458, 0.2771908938884735, 0.27707019448280334, 0.2769260108470917, 0.27743569016456604, 0.27585121989250183, 0.2750542163848877, 0.2774347960948944, 0.27490904927253723, 0.2730084955692291, 0.27283167839050293, 0.2713145613670349, 0.27045154571533203, 0.26941975951194763, 0.2688407897949219, 0.2687830924987793, 0.2678668797016144, 0.27643829584121704, 0.26711419224739075, 0.2667234241962433, 0.2651529610157013, 0.2648446261882782, 0.26401421427726746, 0.26410987973213196], "accuracy": [0.5670565962791443, 0.6591911911964417, 0.7012816071510315, 0.7209972143173218, 0.7349491715431213, 0.7455213069915771, 0.7546712756156921, 0.7634512186050415, 0.7704734802246094, 0.7798557877540588, 0.7865897417068481, 0.7935087084770203, 0.7982741594314575, 0.804263710975647, 0.8096938729286194, 0.8144227266311646, 0.8204553127288818, 0.823721170425415, 0.8276797533035278, 0.8319481611251831, 0.8345492482185364, 0.8375827670097351, 0.8399794101715088, 0.8411132097244263, 0.8440628051757812, 0.8455085754394531, 0.846954345703125, 0.848879873752594, 0.8510226607322693, 0.851868212223053, 0.8546198606491089, 0.8560225963592529, 0.8567411303520203, 0.8577975034713745, 0.8592088222503662, 0.8601425290107727, 0.8619669675827026, 0.863406240940094, 0.8638322353363037, 0.8644540309906006, 0.8645637035369873, 0.8662031292915344, 0.8666355609893799, 0.8685051202774048, 0.8689461946487427, 0.8689354062080383, 0.8704543113708496, 0.8706823587417603, 0.8710631728172302, 0.8721194863319397, 0.8731134533882141, 0.8729607462882996, 0.87459796667099, 0.8747937083244324, 0.8756564259529114, 0.875622034072876, 0.8757661581039429, 0.8768999576568604, 0.8770376443862915, 0.8781886696815491, 0.8781585693359375, 0.8794192671775818, 0.8799377679824829, 0.8793870210647583, 0.8804304599761963, 0.88079833984375, 0.8812867403030396, 0.8814007639884949, 0.8820977807044983, 0.8819579482078552, 0.8830595016479492, 0.8838297128677368, 0.8829949498176575, 0.88398677110672, 0.8841029405593872, 0.8849678039550781, 0.8846924304962158, 0.8866265416145325, 0.887076199054718, 0.8865576982498169, 0.8867642283439636, 0.8869664669036865, 0.8873838782310486, 0.8867384195327759, 0.8869428038597107, 0.8883132934570312, 0.8882766962051392, 0.8894771933555603, 0.8892943263053894, 0.8899935483932495, 0.8901032209396362, 0.8902431130409241, 0.8903915286064148, 0.8869922757148743, 0.8906819820404053, 0.8915404081344604, 0.8920653462409973, 0.8918760418891907, 0.8924805521965027, 0.8919212222099304], "val_loss": [0.9712119698524475, 0.6814664602279663, 0.6450080275535583, 0.6151778101921082, 0.5906347036361694, 0.5949044823646545, 0.5728678107261658, 0.5688678026199341, 0.5214839577674866, 0.48910292983055115, 0.4921606779098511, 0.4702177345752716, 0.455875426530838, 0.4690893888473511, 0.4496084451675415, 0.4269932508468628, 0.4755660593509674, 0.3920971751213074, 0.4026707112789154, 0.40483275055885315, 0.40841612219810486, 0.37175461649894714, 0.41435590386390686, 0.3802638649940491, 0.3881068229675293, 0.3729839324951172, 0.35626140236854553, 0.3536696434020996, 0.3519930839538574, 0.3742211163043976, 0.36116665601730347, 0.36714619398117065, 0.3277188539505005, 0.34298697113990784, 0.345149964094162, 0.3444591164588928, 0.34312325716018677, 0.322661429643631, 0.34023934602737427, 0.3567078709602356, 0.3192799389362335, 0.32904312014579773, 0.3215559720993042, 0.33431628346443176, 0.30720630288124084, 0.3090388774871826, 0.3344208002090454, 0.30864763259887695, 0.34530866146087646, 0.3092643618583679, 0.33361193537712097, 0.3082982301712036, 0.30426469445228577, 0.30153682827949524, 0.3199180066585541, 0.3142508566379547, 0.2920376658439636, 0.32364577054977417, 0.32205331325531006, 0.3045799732208252, 0.30595001578330994, 0.30856606364250183, 0.2932950258255005, 0.30303552746772766, 0.3061182498931885, 0.2937915325164795, 0.2879778742790222, 0.30723726749420166, 0.2999720573425293, 0.29262465238571167, 0.2932758033275604, 0.30098995566368103, 0.29920217394828796, 0.2849281430244446, 0.30704447627067566, 0.29910680651664734, 0.29693445563316345, 0.3112156391143799, 0.31341880559921265, 0.2962488532066345, 0.29665258526802063, 0.3195878863334656, 0.360771119594574, 0.29471850395202637, 0.285312294960022, 0.27574190497398376, 0.2801293432712555, 0.2751733362674713, 0.28497207164764404, 0.2671554386615753, 0.2862136960029602, 0.288075715303421, 0.28965964913368225, 0.2923263907432556, 0.30958235263824463, 0.2680209279060364, 0.27207255363464355, 0.295102059841156, 0.260924756526947, 0.2677268385887146],