{"loss": [1.0975170135498047, 1.0865012407302856, 1.083243727684021, 1.0848875045776367, 1.0771857500076294, 1.0759975910186768, 1.0739774703979492, 1.073665976524353, 1.0709681510925293, 1.0675305128097534, 1.063568353652954, 1.0526504516601562, 1.0544644594192505, 1.045652151107788, 1.0389294624328613, 1.0326184034347534, 1.025721549987793, 1.016994833946228, 1.010329008102417, 1.0041077136993408, 0.9941808581352234, 0.9836974143981934, 0.9725226163864136, 0.9599483013153076, 0.9487735033035278], "accuracy": [0.32380953431129456, 0.32380953431129456, 0.32380953431129456, 0.34285715222358704, 0.4476190507411957, 0.3333333432674408, 0.4476190507411957, 0.4095238149166107, 0.43809524178504944, 0.3619047701358795, 0.32380953431129456, 0.3619047701358795, 0.4761904776096344, 0.4000000059604645, 0.4571428596973419, 0.41904762387275696, 0.4952380955219269, 0.4952380955219269, 0.5142857432365417, 0.523809552192688, 0.4761904776096344, 0.4571428596973419, 0.5142857432365417, 0.5142857432365417, 0.48571428656578064], "val_loss": [1.0832542181015015, 1.0856536626815796, 1.0818369388580322, 1.0883235931396484, 1.0833524465560913, 1.0799367427825928, 1.0828742980957031, 1.0786356925964355, 1.0775123834609985, 1.0663400888442993, 1.0592139959335327, 1.063273310661316, 1.055350422859192, 1.0480855703353882, 1.0407992601394653, 1.035262942314148, 1.0267438888549805, 1.0235424041748047, 1.0190997123718262, 1.0084402561187744, 0.993764340877533, 0.9856082201004028, 0.9729121923446655, 0.9589775800704956, 0.9411605000495911], "val_accuracy": [0.35555556416511536, 0.35555556416511536, 0.35555556416511536, 0.46666666865348816, 0.4000000059604645, 0.3777777850627899, 0.4888888895511627, 0.4000000059604645, 0.42222222685813904, 0.4000000059604645, 0.35555556416511536, 0.4888888895511627, 0.42222222685813904, 0.4000000059604645, 0.42222222685813904, 0.4444444477558136, 0.4000000059604645, 0.5111111402511597, 0.5333333611488342, 0.5111111402511597, 0.42222222685813904, 0.4888888895511627, 0.4888888895511627, 0.42222222685813904, 0.4000000059604645]}