{"loss": [1.0836641788482666, 1.042975902557373, 1.0136535167694092, 0.986083447933197, 0.9496882557868958, 0.8892616033554077, 0.8266428709030151, 0.7808586955070496, 0.7421471476554871, 0.7140065431594849, 0.6914852857589722, 0.6713302135467529, 0.649307131767273, 0.6298869252204895, 0.611717939376831, 0.5954104661941528, 0.5801317691802979, 0.5635446906089783, 0.5495100617408752, 0.5353567004203796, 0.5234811305999756, 0.5110666751861572, 0.5001428723335266, 0.49247631430625916, 0.4815444350242615], "accuracy": [0.6857143044471741, 0.6761904954910278, 0.6761904954910278, 0.6761904954910278, 0.6857143044471741, 0.6857143044471741, 0.6857143044471741, 0.7142857313156128, 0.7904762029647827, 0.8857142925262451, 0.8857142925262451, 0.9047619104385376, 0.9047619104385376, 0.8476190567016602, 0.8380952477455139, 0.8476190567016602, 0.8095238208770752, 0.8095238208770752, 0.8380952477455139, 0.8761904835700989, 0.9047619104385376, 0.9047619104385376, 0.9047619104385376, 0.8666666746139526, 0.8857142925262451], "val_loss": [1.0932621955871582, 1.0636688470840454, 1.034919023513794, 1.0063560009002686, 0.9489209651947021, 0.8734239339828491, 0.8165906071662903, 0.7708266973495483, 0.7424651384353638, 0.7233436703681946, 0.7047649621963501, 0.6886606812477112, 0.6728660464286804, 0.6586827039718628, 0.6445600986480713, 0.6307784914970398, 0.6183829307556152, 0.6058893203735352, 0.5932998061180115, 0.5817594528198242, 0.5705317258834839, 0.5602275133132935, 0.5502936840057373, 0.5413866639137268, 0.5313829183578491], "val_accuracy": [0.6222222447395325, 0.6222222447395325, 0.6222222447395325, 0.6222222447395325, 0.6222222447395325, 0.6222222447395325, 0.6222222447395325, 0.7111111283302307, 0.8222222328186035, 0.9111111164093018, 0.8888888955116272, 0.9333333373069763, 0.8888888955116272, 0.800000011920929, 0.800000011920929, 0.800000011920929, 0.800000011920929, 0.800000011920929, 0.8666666746139526, 0.8666666746139526, 0.9111111164093018, 0.9111111164093018, 0.9111111164093018, 0.800000011920929, 0.9111111164093018]}