{"loss": [1.1504119634628296, 1.1238501071929932, 1.1042749881744385, 1.0951430797576904, 1.085265040397644, 1.0778783559799194, 1.0714318752288818, 1.065071940422058, 1.0574229955673218, 1.0347622632980347, 0.9996748566627502, 0.9780476689338684, 0.9476606249809265, 0.9257444143295288, 0.8977138996124268, 0.870140016078949, 0.841194748878479, 0.8090242147445679, 0.7785342931747437, 0.7454946637153625, 0.7118672728538513, 0.6789547801017761, 0.6479476690292358, 0.6181803345680237, 0.5876703262329102], "accuracy": [0.5904762148857117, 0.5523809790611267, 0.4952380955219269, 0.5142857432365417, 0.5904762148857117, 0.6666666865348816, 0.6761904954910278, 0.6761904954910278, 0.6857143044471741, 0.6857143044471741, 0.6857143044471741, 0.6857143044471741, 0.6857143044471741, 0.6857143044471741, 0.6857143044471741, 0.6857143044471741, 0.6857143044471741, 0.6857143044471741, 0.6857143044471741, 0.6857143044471741, 0.6857143044471741, 0.6857143044471741, 0.7047619223594666, 0.7142857313156128, 0.723809540271759], "val_loss": [1.1642652750015259, 1.137898564338684, 1.1209806203842163, 1.1058603525161743, 1.0936217308044434, 1.0828020572662354, 1.0733290910720825, 1.063663125038147, 1.0521411895751953, 1.0248538255691528, 1.0052460432052612, 0.9805631041526794, 0.9587252140045166, 0.9381516575813293, 0.9121561050415039, 0.8874120116233826, 0.8607555031776428, 0.8327745795249939, 0.8033138513565063, 0.7725287675857544, 0.740870475769043, 0.7116478085517883, 0.6794750094413757, 0.6471555829048157, 0.6186943054199219], "val_accuracy": [0.6222222447395325, 0.3777777850627899, 0.3777777850627899, 0.5333333611488342, 0.6222222447395325, 0.6222222447395325, 0.6222222447395325, 0.6000000238418579, 0.6222222447395325, 0.6222222447395325, 0.6222222447395325, 0.6222222447395325, 0.6222222447395325, 0.6222222447395325, 0.6222222447395325, 0.6222222447395325, 0.6222222447395325, 0.6222222447395325, 0.6222222447395325, 0.6222222447395325, 0.6222222447395325, 0.6222222447395325, 0.6222222447395325, 0.6666666865348816, 0.6666666865348816]}