{"loss": [1.382804274559021, 1.2218209505081177, 1.0920249223709106, 1.0076483488082886, 0.9494410753250122, 0.9090781807899475, 0.8775973916053772, 0.8527977466583252, 0.8306114077568054, 0.810147762298584, 0.7909681797027588, 0.7721536755561829, 0.7546923160552979, 0.7373069524765015, 0.721188485622406, 0.706405758857727, 0.6899091601371765, 0.6753115057945251, 0.660779595375061, 0.6475297212600708, 0.6338737607002258, 0.6204870939254761, 0.6078926920890808, 0.5959808826446533, 0.5850221514701843], "accuracy": [0.32380953431129456, 0.32380953431129456, 0.32380953431129456, 0.37142857909202576, 0.561904788017273, 0.7047619223594666, 0.7809523940086365, 0.8761904835700989, 0.8857142925262451, 0.8857142925262451, 0.9047619104385376, 0.9047619104385376, 0.9142857193946838, 0.9142857193946838, 0.9142857193946838, 0.9238095283508301, 0.9333333373069763, 0.9333333373069763, 0.9238095283508301, 0.9333333373069763, 0.9428571462631226, 0.9428571462631226, 0.9428571462631226, 0.9428571462631226, 0.9523809552192688], "val_loss": [1.2730518579483032, 1.135387659072876, 1.036761999130249, 0.9726617336273193, 0.9286404848098755, 0.8947901129722595, 0.8672056198120117, 0.8405191898345947, 0.8176974058151245, 0.796674370765686, 0.7749869227409363, 0.7577380537986755, 0.7382596135139465, 0.7212359309196472, 0.7047456502914429, 0.6860171556472778, 0.670856237411499, 0.657214879989624, 0.6426222324371338, 0.629141092300415, 0.6142784357070923, 0.6004891395568848, 0.5880134701728821, 0.576651394367218, 0.5651580095291138], "val_accuracy": [0.35555556416511536, 0.35555556416511536, 0.3777777850627899, 0.4888888895511627, 0.644444465637207, 0.8222222328186035, 0.8666666746139526, 0.8444444537162781, 0.8444444537162781, 0.8444444537162781, 0.8666666746139526, 0.8666666746139526, 0.8666666746139526, 0.8666666746139526, 0.9111111164093018, 0.9111111164093018, 0.9111111164093018, 0.9111111164093018, 0.9111111164093018, 0.9111111164093018, 0.9333333373069763, 0.9333333373069763, 0.9333333373069763, 0.9111111164093018, 0.9333333373069763]}