{"loss": [2.1084420680999756, 1.782427430152893, 1.5696544647216797, 1.4361623525619507, 1.3536090850830078, 1.2939683198928833, 1.2528419494628906, 1.2111587524414062, 1.1820679903030396, 1.151547908782959, 1.1237156391143799, 1.1005363464355469, 1.0748317241668701, 1.0509659051895142, 1.0272287130355835, 1.003232717514038, 0.9829749464988708, 0.9596366286277771, 0.9405510425567627, 0.9198830723762512, 0.9012935161590576, 0.88214111328125, 0.8644940257072449, 0.8471013307571411, 0.831035852432251], "accuracy": [0.32380953431129456, 0.05714285746216774, 0.0, 0.03809523954987526, 0.190476194024086, 0.2857142984867096, 0.3047619163990021, 0.3047619163990021, 0.3142857253551483, 0.3333333432674408, 0.3333333432674408, 0.3333333432674408, 0.3333333432674408, 0.3333333432674408, 0.3333333432674408, 0.34285715222358704, 0.34285715222358704, 0.3619047701358795, 0.3619047701358795, 0.380952388048172, 0.4761904776096344, 0.5428571701049805, 0.5904762148857117, 0.6571428775787354, 0.7047619223594666], "val_loss": [1.8419525623321533, 1.60239577293396, 1.4622923135757446, 1.3804950714111328, 1.3192802667617798, 1.2711952924728394, 1.2303491830825806, 1.19563627243042, 1.1687686443328857, 1.1387605667114258, 1.1121102571487427, 1.0835685729980469, 1.0587222576141357, 1.0322948694229126, 1.0055280923843384, 0.9802667498588562, 0.9574996829032898, 0.9334642887115479, 0.9123603701591492, 0.8901259303092957, 0.8697383403778076, 0.8517263531684875, 0.8319997191429138, 0.8134443759918213, 0.7957466840744019], "val_accuracy": [0.2888889014720917, 0.0, 0.0, 0.15555556118488312, 0.20000000298023224, 0.24444444477558136, 0.2888889014720917, 0.2888889014720917, 0.3333333432674408, 0.3333333432674408, 0.3333333432674408, 0.3333333432674408, 0.3333333432674408, 0.3333333432674408, 0.3333333432674408, 0.3333333432674408, 0.35555556416511536, 0.3333333432674408, 0.35555556416511536, 0.42222222685813904, 0.5777778029441833, 0.644444465637207, 0.6888889074325562, 0.7333333492279053, 0.7555555701255798]}