{"loss": [2.991119623184204, 2.55342698097229, 2.2095587253570557, 1.9376319646835327, 1.743438482284546, 1.5871237516403198, 1.46982741355896, 1.3673348426818848, 1.2996352910995483, 1.2272690534591675, 1.176516056060791, 1.1347105503082275, 1.1001747846603394, 1.0597373247146606, 1.026658296585083, 0.994493842124939, 0.9672240614891052, 0.9355024695396423, 0.9060036540031433, 0.878777801990509, 0.8528336882591248, 0.8283839821815491, 0.8030532002449036, 0.7820448875427246, 0.7592340111732483], "accuracy": [0.3523809611797333, 0.3523809611797333, 0.3523809611797333, 0.3523809611797333, 0.3523809611797333, 0.3523809611797333, 0.3523809611797333, 0.3523809611797333, 0.3523809611797333, 0.3523809611797333, 0.3523809611797333, 0.3523809611797333, 0.3523809611797333, 0.3523809611797333, 0.3619047701358795, 0.39047619700431824, 0.4000000059604645, 0.41904762387275696, 0.5809524059295654, 0.7428571581840515, 0.7428571581840515, 0.7523809671401978, 0.7428571581840515, 0.7142857313156128, 0.7333333492279053], "val_loss": [2.992666006088257, 2.5440454483032227, 2.2098639011383057, 1.9726176261901855, 1.7779345512390137, 1.6214065551757812, 1.498278260231018, 1.400416612625122, 1.3176531791687012, 1.2593132257461548, 1.2094255685806274, 1.1620444059371948, 1.1166484355926514, 1.0763278007507324, 1.0396554470062256, 1.0040135383605957, 0.968018651008606, 0.9370242357254028, 0.9062290787696838, 0.8748656511306763, 0.845393717288971, 0.8169142603874207, 0.7941672205924988, 0.7707319259643555, 0.7459774613380432], "val_accuracy": [0.2888889014720917, 0.2888889014720917, 0.2888889014720917, 0.2888889014720917, 0.2888889014720917, 0.2888889014720917, 0.2888889014720917, 0.2888889014720917, 0.2888889014720917, 0.2888889014720917, 0.2888889014720917, 0.2888889014720917, 0.31111112236976624, 0.2888889014720917, 0.35555556416511536, 0.31111112236976624, 0.2222222238779068, 0.2888889014720917, 0.5777778029441833, 0.6000000238418579, 0.6222222447395325, 0.6000000238418579, 0.6000000238418579, 0.5777778029441833, 0.6666666865348816]}