{"loss": [0.3806733787059784, 0.21490515768527985, 0.20086506009101868, 0.19388684630393982, 0.18850110471248627, 0.18382051587104797, 0.1794532984495163, 0.17333897948265076, 0.16928254067897797, 0.16433824598789215, 0.16016003489494324, 0.15692797303199768, 0.15331785380840302, 0.14984317123889923, 0.14653725922107697, 0.14403066039085388, 0.14134268462657928, 0.1390303373336792, 0.1361112743616104, 0.13384725153446198, 0.1313011199235916, 0.13052886724472046, 0.12861286103725433, 0.1270132213830948, 0.12476277351379395, 0.12318116426467896, 0.12195189297199249, 0.12047089636325836, 0.11848807334899902, 0.11747860908508301, 0.11778967082500458, 0.11501936614513397, 0.1139768734574318, 0.1131112203001976, 0.11186559498310089, 0.11015710979700089, 0.11029870063066483, 0.10898523032665253, 0.10823491960763931, 0.10731606185436249, 0.10635002702474594, 0.10544321686029434, 0.10468889027833939, 0.10415901988744736, 0.10351405292749405, 0.10237691551446915, 0.1018027514219284, 0.10143326222896576, 0.10011330991983414, 0.10036042332649231, 0.09848132729530334, 0.09823024272918701, 0.09826765954494476, 0.09637411683797836, 0.09740930050611496, 0.09541039913892746, 0.09602760523557663, 0.09549318253993988, 0.09420765936374664, 0.09416899085044861, 0.09437744319438934, 0.09331871569156647, 0.09244497865438461, 0.09239485114812851, 0.09175553917884827, 0.09199108183383942, 0.0916614755988121, 0.09063546359539032, 0.0904441848397255, 0.08974885940551758, 0.08962301164865494, 0.08983105421066284, 0.08959562331438065, 0.08807092159986496, 0.08802180737257004, 0.08807830512523651, 0.08651832491159439, 0.08657751977443695, 0.08692456036806107, 0.086483433842659, 0.08685369789600372, 0.0852338895201683, 0.08605491369962692, 0.08613885939121246, 0.08402519673109055, 0.08432263880968094, 0.08429135382175446, 0.08443419635295868, 0.08542661368846893, 0.08305884897708893, 0.08345645666122437, 0.08365794271230698, 0.08365334570407867, 0.08340363949537277, 0.08212249726057053, 0.08279440551996231, 0.08142709732055664, 0.08208045363426208, 0.08234096318483353, 0.0810774639248848], "accuracy": [0.8948944807052612, 0.9145154356956482, 0.91905277967453, 0.9213418960571289, 0.9235255718231201, 0.9255177974700928, 0.9271119832992554, 0.9293322563171387, 0.9312168955802917, 0.9334135055541992, 0.9346505999565125, 0.9360576272010803, 0.9378949403762817, 0.9387856125831604, 0.9401947855949402, 0.9413371682167053, 0.9427270293235779, 0.9433552026748657, 0.9443039894104004, 0.9457497596740723, 0.9465758800506592, 0.9469782114028931, 0.9476408362388611, 0.9481744170188904, 0.9493404626846313, 0.9497557282447815, 0.9504377245903015, 0.9509777426719666, 0.9514918923377991, 0.9523008465766907, 0.9521803855895996, 0.9532281160354614, 0.9536218047142029, 0.9540004730224609, 0.9545447826385498, 0.9550783038139343, 0.9554892182350159, 0.9556054472923279, 0.9561626315116882, 0.9567348957061768, 0.9567521214485168, 0.9571824073791504, 0.9576320648193359, 0.958094596862793, 0.9581462740898132, 0.959054172039032, 0.9589551687240601, 0.9591703414916992, 0.9597296714782715, 0.959755539894104, 0.9605321884155273, 0.9605450630187988, 0.9603923559188843, 0.9611044526100159, 0.9606892466545105, 0.961384117603302, 0.9615283012390137, 0.9617111682891846, 0.9620769023895264, 0.9621371626853943, 0.9621866345405579, 0.9627503156661987, 0.9631139039993286, 0.962767481803894, 0.9631418585777283, 0.9627718329429626, 0.9633204340934753, 0.963688313961029, 0.9636753797531128, 0.963729202747345, 0.96417236328125, 0.9639249444007874, 0.9641938805580139, 0.9645639657974243, 0.9646908640861511, 0.9649103283882141, 0.9655686616897583, 0.965577244758606, 0.965493381023407, 0.9657063484191895, 0.9654998183250427, 0.9660096764564514, 0.9657666087150574, 0.9657773375511169, 0.9666013121604919, 0.9662033319473267, 0.9664012789726257, 0.9665346145629883, 0.9665970206260681, 0.9670315980911255, 0.966640055179596, 0.9669089913368225, 0.9668874740600586, 0.9669756889343262, 0.9673263430595398, 0.967322051525116, 0.9679158329963684, 0.9674769639968872, 0.9674511551856995, 0.9678835868835449], "val_loss": [0.23429609835147858, 0.23028972744941711, 0.1927192509174347, 0.20047132670879364, 0.19097009301185608, 0.1806860864162445, 0.17663612961769104, 0.18962819874286652, 0.17144596576690674, 0.1716662347316742, 0.16898716986179352, 0.16821831464767456, 0.16613778471946716, 0.1591549813747406, 0.16127923130989075, 0.1605907380580902, 0.1581808179616928, 0.16037940979003906, 0.15555544197559357, 0.15598562359809875, 0.1620291918516159, 0.16607509553432465, 0.1569293737411499, 0.15629799664020538, 0.15825726091861725, 0.15178976953029633, 0.1533096581697464, 0.15274648368358612, 0.1513594686985016, 0.15083929896354675, 0.15498755872249603, 0.14891940355300903, 0.15594148635864258, 0.1508011370897293, 0.1577833890914917, 0.15122126042842865, 0.14975392818450928, 0.15461483597755432, 0.14947867393493652, 0.14820922911167145, 0.15036797523498535, 0.1518850028514862, 0.14983688294887543, 0.15299537777900696, 0.1486346572637558, 0.15396226942539215, 0.15229971706867218, 0.14788424968719482, 0.15078191459178925, 0.15119530260562897, 0.1500476896762848, 0.15391658246517181, 0.15205691754817963, 0.15537719428539276, 0.1510811448097229, 0.16388370096683502, 0.15735308825969696, 0.15107640624046326, 0.1553979218006134, 0.15587717294692993, 0.15610933303833008, 0.15454906225204468, 0.15538305044174194, 0.15164609253406525, 0.15592502057552338, 0.1565655916929245, 0.15327848494052887, 0.15973998606204987, 0.16059623658657074, 0.16095709800720215, 0.15806476771831512, 0.16272583603858948, 0.1556616723537445, 0.16082435846328735, 0.16095660626888275, 0.16210658848285675, 0.1614038646221161, 0.1573478728532791, 0.15871408581733704, 0.16572454571723938, 0.15897038578987122, 0.162485271692276, 0.16350595653057098, 0.1644924134016037, 0.16400626301765442, 0.16852903366088867, 0.1687394380569458, 0.1685609072446823, 0.16673056781291962, 0.16414837539196014, 0.1669594645500183, 0.1642581969499588, 0.17191913723945618, 0.16866688430309296, 0.16811537742614746, 0.1696166843175888, 0.16803041100502014, 0.1707676500082016, 0.16827435791492462, 0.17351660132408142],