{"loss": [2.7623956203460693, 2.3143014907836914, 1.933863878250122, 1.6199355125427246, 1.3360881805419922, 1.1278928518295288, 0.9659407734870911, 0.8628225922584534, 0.7831750512123108, 0.7311590909957886, 0.6895221471786499, 0.6557226777076721, 0.6287868618965149, 0.6056846976280212, 0.5872063636779785, 0.5676714181900024, 0.5515629649162292, 0.5392210483551025, 0.5283651351928711, 0.5135415196418762, 0.5044031143188477, 0.493834912776947, 0.4845629632472992, 0.4760892689228058, 0.46831265091896057], "accuracy": [0.3142857253551483, 0.3142857253551483, 0.2571428716182709, 0.20952381193637848, 0.29523810744285583, 0.3047619163990021, 0.3047619163990021, 0.4095238149166107, 0.6666666865348816, 0.7047619223594666, 0.7523809671401978, 0.7714285850524902, 0.7523809671401978, 0.7523809671401978, 0.800000011920929, 0.7904762029647827, 0.7333333492279053, 0.6952381134033203, 0.7523809671401978, 0.8380952477455139, 0.7523809671401978, 0.8285714387893677, 0.8285714387893677, 0.8476190567016602, 0.8190476298332214], "val_loss": [1.9568208456039429, 1.6230239868164062, 1.380129337310791, 1.19706130027771, 1.055235505104065, 0.9553792476654053, 0.8867179155349731, 0.8345715999603271, 0.7888153195381165, 0.7518128156661987, 0.7217903137207031, 0.6955775618553162, 0.6726828813552856, 0.6531113982200623, 0.6364434957504272, 0.6202496290206909, 0.6067781448364258, 0.594065248966217, 0.5821646451950073, 0.5695741176605225, 0.5590240955352783, 0.549447774887085, 0.5409549474716187, 0.531870424747467, 0.524147629737854], "val_accuracy": [0.3777777850627899, 0.3777777850627899, 0.2666666805744171, 0.3777777850627899, 0.3777777850627899, 0.3777777850627899, 0.4000000059604645, 0.5333333611488342, 0.5777778029441833, 0.6222222447395325, 0.6666666865348816, 0.7111111283302307, 0.7111111283302307, 0.7555555701255798, 0.7777777910232544, 0.6888889074325562, 0.7111111283302307, 0.7111111283302307, 0.9111111164093018, 0.800000011920929, 0.7777777910232544, 0.8666666746139526, 0.8222222328186035, 0.8666666746139526, 0.7777777910232544]}