{"loss": [0.31222543120384216, 0.22737081348896027, 0.2181810885667801, 0.2136937528848648, 0.20884822309017181, 0.20442794263362885, 0.19982561469078064, 0.1962493360042572, 0.1923399269580841, 0.18866616487503052, 0.18548640608787537, 0.1824226975440979, 0.17945422232151031, 0.17705143988132477, 0.17415714263916016, 0.17199361324310303, 0.1697903722524643, 0.16770166158676147, 0.1663770228624344, 0.16390228271484375, 0.1629280298948288, 0.16106350719928741, 0.15973655879497528, 0.15816454589366913, 0.15654496848583221, 0.1550723761320114, 0.15433520078659058, 0.1522512435913086, 0.15122579038143158, 0.15047365427017212, 0.14930377900600433, 0.1482645571231842, 0.14747574925422668, 0.1464279443025589, 0.14501778781414032, 0.14470693469047546, 0.14343607425689697, 0.142741397023201, 0.141621395945549, 0.14129197597503662, 0.1397455930709839, 0.13889539241790771, 0.13833360373973846, 0.13843587040901184, 0.13728560507297516, 0.13633808493614197, 0.13584622740745544, 0.135625422000885, 0.13464614748954773, 0.13433091342449188, 0.13294729590415955, 0.13308124244213104, 0.13282234966754913, 0.13161088526248932, 0.13120850920677185, 0.13060016930103302, 0.13011054694652557, 0.12955909967422485, 0.12874513864517212, 0.12836329638957977, 0.1286846101284027, 0.12711431086063385, 0.12716044485569, 0.12723387777805328, 0.12638810276985168, 0.12590931355953217, 0.12546972930431366, 0.12444289028644562, 0.1250070482492447, 0.12363151460886002, 0.12362053245306015, 0.12355444580316544, 0.12261173874139786, 0.12302397936582565, 0.12171090394258499, 0.12107796221971512, 0.1219114437699318, 0.12094644457101822, 0.12053880095481873, 0.12065385282039642, 0.12019184976816177, 0.11998629570007324, 0.11946570128202438, 0.11855576187372208, 0.11926192045211792, 0.1180407926440239, 0.11894573271274567, 0.11796030402183533, 0.11727965623140335, 0.11733849346637726, 0.11658710241317749, 0.11653631180524826, 0.11683084815740585, 0.11615025252103806, 0.11586271971464157, 0.11586812883615494, 0.11597705632448196, 0.11596687138080597, 0.11696406453847885, 0.11452478915452957], "accuracy": [0.893356204032898, 0.9080396294593811, 0.9121574759483337, 0.9136333465576172, 0.9152060151100159, 0.9171014428138733, 0.9186440110206604, 0.9204210638999939, 0.9218840599060059, 0.9236223697662354, 0.9245926737785339, 0.9260212182998657, 0.9267978668212891, 0.9277982711791992, 0.9288567900657654, 0.9299303293228149, 0.9310598373413086, 0.9314255714416504, 0.9320602416992188, 0.9330391883850098, 0.9336867332458496, 0.9341707825660706, 0.9347108006477356, 0.9354745745658875, 0.9361070990562439, 0.9366126656532288, 0.9364427328109741, 0.9375248551368713, 0.938209056854248, 0.9382240772247314, 0.938815712928772, 0.9395493865013123, 0.9394052028656006, 0.9402808547019958, 0.9403152465820312, 0.9405497908592224, 0.9411521553993225, 0.941339373588562, 0.9419374465942383, 0.9422945976257324, 0.9421805739402771, 0.9429098963737488, 0.9432928562164307, 0.9434326887130737, 0.9435510039329529, 0.9439511895179749, 0.9441577196121216, 0.9440716505050659, 0.9446202516555786, 0.9446718692779541, 0.945074200630188, 0.9451172351837158, 0.945575475692749, 0.9458444118499756, 0.9461004137992859, 0.9465436339378357, 0.9463456869125366, 0.9464920163154602, 0.9471524953842163, 0.9471847414970398, 0.9473826885223389, 0.9475935101509094, 0.9476451873779297, 0.9479248523712158, 0.9483078122138977, 0.9483594298362732, 0.9487466812133789, 0.9491554498672485, 0.9484777450561523, 0.9492888450622559, 0.9493210911750793, 0.9493985772132874, 0.9493964314460754, 0.9494996666908264, 0.9498632550239563, 0.9501236081123352, 0.9498094916343689, 0.9501429796218872, 0.9506657719612122, 0.9506915807723999, 0.9508422017097473, 0.950954020023346, 0.9511283040046692, 0.9510874152183533, 0.9511067867279053, 0.9516360759735107, 0.9512574076652527, 0.9515585899353027, 0.9515091180801392, 0.9520189762115479, 0.9522578120231628, 0.9520362019538879, 0.9521287083625793, 0.9523675441741943, 0.9524277448654175, 0.9524707794189453, 0.9522814750671387, 0.9525159597396851, 0.9524987936019897, 0.953116238117218], "val_loss": [0.258400022983551, 0.22214198112487793, 0.21978427469730377, 0.21384431421756744, 0.21260826289653778, 0.2084292471408844, 0.208929643034935, 0.20181962847709656, 0.19710467755794525, 0.1972053349018097, 0.195123091340065, 0.19404882192611694, 0.1950656771659851, 0.19390395283699036, 0.19142761826515198, 0.1914883255958557, 0.18687325716018677, 0.18723200261592865, 0.1880003660917282, 0.18551145493984222, 0.188345804810524, 0.1884419173002243, 0.18539069592952728, 0.18666009604930878, 0.18650195002555847, 0.19007210433483124, 0.1856466680765152, 0.1877574622631073, 0.18531808257102966, 0.18684996664524078, 0.1845197081565857, 0.18527112901210785, 0.1868559569120407, 0.18674947321414948, 0.1890309751033783, 0.18732793629169464, 0.18687741458415985, 0.18303152918815613, 0.18338645994663239, 0.1900539994239807, 0.18776635825634003, 0.18845060467720032, 0.18503156304359436, 0.19308258593082428, 0.18893322348594666, 0.19038300216197968, 0.19027110934257507, 0.19144372642040253, 0.19192196428775787, 0.1906590759754181, 0.1850903183221817, 0.19128923118114471, 0.189456045627594, 0.19048859179019928, 0.19265995919704437, 0.19417008757591248, 0.19310328364372253, 0.18898382782936096, 0.19236420094966888, 0.1904905140399933, 0.19312520325183868, 0.19467900693416595, 0.1968408077955246, 0.1920592486858368, 0.20082786679267883, 0.1916303187608719, 0.19790734350681305, 0.1971103549003601, 0.20030111074447632, 0.199801966547966, 0.19483497738838196, 0.20140999555587769, 0.20408879220485687, 0.1993018239736557, 0.1983187347650528, 0.20163699984550476, 0.20409032702445984, 0.20409266650676727, 0.19865836203098297, 0.19855545461177826, 0.20453891158103943, 0.20143085718154907, 0.2002883404493332, 0.20631270110607147, 0.20982322096824646, 0.2071199119091034, 0.20188084244728088, 0.20368589460849762, 0.2035311907529831, 0.20336291193962097, 0.2067844122648239, 0.21046973764896393, 0.2169276773929596, 0.21107858419418335, 0.20929940044879913, 0.2102392166852951, 0.21650098264217377, 0.21137107908725739, 0.21262583136558533, 0.2103365957736969],