{"loss": [1.3591971397399902, 0.5825039148330688, 0.36745384335517883], "accuracy": [0.6519166827201843, 0.8220000267028809, 0.8838333487510681]}