{"loss": [0.9365962147712708, 0.8324674367904663, 0.7883373498916626, 0.7655168771743774, 0.7497567534446716, 0.7300885319709778, 0.7113054394721985, 0.693182110786438, 0.673349142074585, 0.6549487113952637, 0.6364117860794067, 0.6177123785018921, 0.6014400124549866, 0.5834238529205322, 0.565308690071106, 0.5506453514099121, 0.5350204706192017, 0.5218268036842346, 0.5083051323890686, 0.49688443541526794, 0.4842281639575958, 0.4745018482208252, 0.4630979597568512, 0.4539935290813446, 0.44530418515205383], "accuracy": [0.3333333432674408, 0.5333333611488342, 0.723809540271759, 0.6761904954910278, 0.6761904954910278, 0.6952381134033203, 0.723809540271759, 0.7428571581840515, 0.7714285850524902, 0.7904762029647827, 0.7904762029647827, 0.8380952477455139, 0.8380952477455139, 0.8476190567016602, 0.8476190567016602, 0.8476190567016602, 0.8476190567016602, 0.8571428656578064, 0.8380952477455139, 0.8476190567016602, 0.8571428656578064, 0.8571428656578064, 0.8571428656578064, 0.8666666746139526, 0.8666666746139526], "val_loss": [0.865262508392334, 0.8005914688110352, 0.7698043584823608, 0.753874659538269, 0.7354163527488708, 0.7158932089805603, 0.6966594457626343, 0.6771141886711121, 0.657952606678009, 0.6392906904220581, 0.6203675866127014, 0.6024704575538635, 0.5840150713920593, 0.567022979259491, 0.5504332780838013, 0.5340992212295532, 0.5196756720542908, 0.5059760808944702, 0.49327370524406433, 0.4811892509460449, 0.47001194953918457, 0.45882779359817505, 0.4489007592201233, 0.43934598565101624, 0.4304521381855011], "val_accuracy": [0.35555556416511536, 0.7333333492279053, 0.7111111283302307, 0.6888889074325562, 0.7111111283302307, 0.7111111283302307, 0.7333333492279053, 0.7555555701255798, 0.800000011920929, 0.800000011920929, 0.8222222328186035, 0.8444444537162781, 0.8444444537162781, 0.8444444537162781, 0.8444444537162781, 0.8444444537162781, 0.8444444537162781, 0.8444444537162781, 0.8444444537162781, 0.8666666746139526, 0.8666666746139526, 0.8444444537162781, 0.8666666746139526, 0.8888888955116272, 0.8888888955116272]}