{"loss": [0.555835485458374, 0.24044953286647797, 0.20904827117919922, 0.19651389122009277, 0.18988655507564545, 0.1834876537322998, 0.17892488837242126, 0.17585724592208862, 0.17235031723976135, 0.16941164433956146, 0.16639642417430878, 0.1637416034936905, 0.16086578369140625, 0.15741024911403656, 0.1554008275270462, 0.15364517271518707, 0.15109799802303314, 0.14951573312282562, 0.14737005531787872, 0.14564158022403717, 0.14428360760211945, 0.14268867671489716, 0.14113257825374603, 0.13988713920116425, 0.1381898820400238, 0.13751396536827087, 0.1354154646396637, 0.13555064797401428, 0.13418202102184296, 0.13271836936473846, 0.13158558309078217, 0.13089045882225037, 0.13044998049736023, 0.1278621405363083, 0.12778928875923157, 0.12769469618797302, 0.12625433504581451, 0.12526659667491913, 0.12570835649967194, 0.12342072278261185, 0.12309785187244415, 0.12323866784572601, 0.12230736762285233, 0.1209411770105362, 0.12090625613927841, 0.12070924788713455, 0.11948307603597641, 0.11870954185724258, 0.11859350651502609, 0.11844860762357712, 0.11748099327087402, 0.11709142476320267, 0.11723014712333679, 0.11606237292289734, 0.11599913239479065, 0.11643321067094803, 0.1153024211525917, 0.11464840918779373, 0.11468975991010666, 0.11543593555688858, 0.11212913691997528, 0.11317308247089386, 0.11273208260536194, 0.11203744262456894, 0.11254946142435074, 0.11227680742740631, 0.11087462306022644, 0.11111913621425629, 0.11348076164722443, 0.11154399067163467, 0.11074676364660263, 0.11006825417280197, 0.10944639891386032, 0.10951252281665802, 0.10925894975662231, 0.10988031327724457, 0.10790053009986877, 0.10752874612808228, 0.10761713981628418, 0.10762286186218262, 0.10877985507249832, 0.10702697932720184, 0.10730009526014328, 0.10773853957653046, 0.10660183429718018, 0.10668812692165375, 0.10504581034183502, 0.10635868459939957, 0.10692128539085388, 0.10518813878297806, 0.10566854476928711, 0.10440746694803238, 0.10423359274864197, 0.10682164132595062, 0.1027892529964447, 0.10459837317466736, 0.10316159576177597, 0.10443351417779922, 0.10285773128271103, 0.10637427866458893], "accuracy": [0.8885606527328491, 0.9120563268661499, 0.9183277487754822, 0.9213784337043762, 0.9239451289176941, 0.9263095259666443, 0.9282371997833252, 0.9294785857200623, 0.9308274984359741, 0.9320107698440552, 0.9330326914787292, 0.9341041445732117, 0.9354509115219116, 0.9368708729743958, 0.9377142190933228, 0.9383381009101868, 0.9388824105262756, 0.9397881627082825, 0.9408854246139526, 0.9414168000221252, 0.9414340257644653, 0.942606508731842, 0.9429765939712524, 0.9436521530151367, 0.9440673589706421, 0.9443255066871643, 0.9453603625297546, 0.9456120729446411, 0.9458637833595276, 0.9461090564727783, 0.9467222094535828, 0.9471008777618408, 0.9475526213645935, 0.948004424571991, 0.9479485154151917, 0.9483916759490967, 0.9489123225212097, 0.9494544863700867, 0.9488693475723267, 0.9500848650932312, 0.9502419233322144, 0.9502354860305786, 0.9508271217346191, 0.9512035846710205, 0.9512122273445129, 0.9513047337532043, 0.951911449432373, 0.9519630670547485, 0.9521846771240234, 0.9521028995513916, 0.9526321291923523, 0.9527720212936401, 0.9528107047080994, 0.9530904293060303, 0.9531807899475098, 0.9532948136329651, 0.9535335898399353, 0.9538498520851135, 0.9539853930473328, 0.9534109830856323, 0.9545878171920776, 0.954699695110321, 0.9544113874435425, 0.9547147154808044, 0.9547577500343323, 0.9549857974052429, 0.9550137519836426, 0.9553214311599731, 0.954641580581665, 0.9552913308143616, 0.955325722694397, 0.9559453725814819, 0.9560916423797607, 0.9560980796813965, 0.9557667970657349, 0.9558356404304504, 0.9565649628639221, 0.9569349884986877, 0.9567779302597046, 0.9567736387252808, 0.9562788009643555, 0.957031786441803, 0.9570598006248474, 0.9566165804862976, 0.9574212431907654, 0.957431972026825, 0.9579569101333618, 0.957412600517273, 0.957391083240509, 0.9577159881591797, 0.9576084017753601, 0.9580429792404175, 0.9581182599067688, 0.95721036195755, 0.9587464928627014, 0.958234429359436, 0.9587486386299133, 0.958253800868988, 0.958453893661499, 0.9579095840454102], "val_loss": [0.2692572772502899, 0.21838447451591492, 0.21902693808078766, 0.2061484456062317, 0.20682021975517273, 0.1987217217683792, 0.19756890833377838, 0.19618889689445496, 0.19315311312675476, 0.18946519494056702, 0.19045104086399078, 0.18456655740737915, 0.18150311708450317, 0.18170416355133057, 0.17832492291927338, 0.1810712367296219, 0.17549444735050201, 0.1780727058649063, 0.17147383093833923, 0.17335954308509827, 0.20160971581935883, 0.17270886898040771, 0.16865088045597076, 0.17463262379169464, 0.16929475963115692, 0.16858071088790894, 0.1669078916311264, 0.16739805042743683, 0.16724993288516998, 0.1695890724658966, 0.16835470497608185, 0.17032693326473236, 0.1686970293521881, 0.1724945306777954, 0.16497471928596497, 0.1678902804851532, 0.1652526557445526, 0.17081713676452637, 0.16901908814907074, 0.1702573299407959, 0.1670648604631424, 0.17075741291046143, 0.16710007190704346, 0.18015219271183014, 0.16937214136123657, 0.17652909457683563, 0.1701311469078064, 0.17425216734409332, 0.16646945476531982, 0.17233799397945404, 0.16299444437026978, 0.17139668762683868, 0.1696632206439972, 0.17327970266342163, 0.1737833470106125, 0.17674843966960907, 0.17035038769245148, 0.16982045769691467, 0.17799435555934906, 0.17185552418231964, 0.16996775567531586, 0.1720970720052719, 0.17120690643787384, 0.1717728227376938, 0.17577962577342987, 0.17506249248981476, 0.17646510899066925, 0.17478887736797333, 0.17917607724666595, 0.1757778376340866, 0.1756809949874878, 0.17916560173034668, 0.17724473774433136, 0.17593176662921906, 0.17339076101779938, 0.1719597727060318, 0.1834162473678589, 0.17559663951396942, 0.1750185489654541, 0.17777249217033386, 0.17684532701969147, 0.18518546223640442, 0.18018975853919983, 0.1836625039577484, 0.18314164876937866, 0.1791123002767563, 0.19305205345153809, 0.1810571253299713, 0.17353425920009613, 0.1869482547044754, 0.17735689878463745, 0.17934270203113556, 0.18168652057647705, 0.18181809782981873, 0.1862742304801941, 0.18415239453315735, 0.18572895228862762, 0.1807180643081665, 0.1834576576948166, 0.1826624870300293],