{"loss": [0.35693448781967163, 0.15764981508255005, 0.1471720039844513, 0.14129434525966644, 0.13712620735168457, 0.13261251151561737, 0.12797929346561432, 0.12304658442735672, 0.11905956268310547, 0.11555410921573639, 0.11135171353816986, 0.10808060318231583, 0.10483749210834503, 0.10218086838722229, 0.09924940019845963, 0.09625470638275146, 0.09499448537826538, 0.09222725033760071, 0.0904320701956749, 0.08910135924816132, 0.08712927252054214, 0.08472413569688797, 0.08335064351558685, 0.08200781792402267, 0.08090665191411972, 0.07960023730993271, 0.07749322801828384, 0.07635124772787094, 0.07629883289337158, 0.07516832649707794, 0.0737345963716507, 0.0731470063328743, 0.07283102720975876, 0.07037601619958878, 0.0700085386633873, 0.07028315961360931, 0.06801507622003555, 0.0679394006729126, 0.06778030097484589, 0.0661192461848259, 0.06571391969919205, 0.06531360000371933, 0.06352966278791428, 0.06360714137554169, 0.06343919038772583, 0.06262104213237762, 0.062122151255607605, 0.06280312687158585, 0.06143885478377342, 0.0608941875398159, 0.060464031994342804, 0.05941946431994438, 0.05889618396759033, 0.058323267847299576, 0.05828468129038811, 0.058075450360774994, 0.05827907472848892, 0.05779079347848892, 0.05659685656428337, 0.05594553053379059, 0.0570894218981266, 0.05491169914603233, 0.054888688027858734, 0.055779606103897095, 0.054422006011009216, 0.05404319614171982, 0.05626046657562256, 0.053128682076931, 0.05399797111749649, 0.05367158353328705, 0.052088964730501175, 0.05329056456685066, 0.051904674619436264, 0.051390763372182846, 0.05239067226648331, 0.05178336426615715, 0.051563363522291183, 0.0509614534676075, 0.05023816227912903, 0.051574986428022385, 0.049091681838035583, 0.0500345304608345, 0.049033623188734055, 0.05092453211545944, 0.04912387579679489, 0.04905589297413826, 0.04973148554563522, 0.04767509922385216, 0.04791034385561943, 0.0493108332157135, 0.04972637817263603, 0.046428099274635315, 0.048532601445913315, 0.047866128385066986, 0.04634327441453934, 0.04802476987242699, 0.04790165647864342, 0.04587744548916817, 0.04858365282416344, 0.047991421073675156], "accuracy": [0.9219270944595337, 0.937849760055542, 0.9408316016197205, 0.9431400895118713, 0.9446955919265747, 0.9469007849693298, 0.9485272169113159, 0.950347363948822, 0.9517651200294495, 0.9533916115760803, 0.9550396203994751, 0.9566983580589294, 0.9577761888504028, 0.9587701559066772, 0.9598178863525391, 0.9611151814460754, 0.9616788625717163, 0.9629310369491577, 0.963329017162323, 0.9641401171684265, 0.9646801352500916, 0.9657601118087769, 0.9665604829788208, 0.967141330242157, 0.9672273993492126, 0.9680105447769165, 0.9686645269393921, 0.9693379402160645, 0.9695186614990234, 0.9699123501777649, 0.970650315284729, 0.9706653952598572, 0.9708632826805115, 0.9715861678123474, 0.9721304774284363, 0.9721261858940125, 0.9730728268623352, 0.9728361368179321, 0.9729200601577759, 0.9736794829368591, 0.9738042950630188, 0.9741764664649963, 0.974520742893219, 0.9746519327163696, 0.9747294187545776, 0.9753274917602539, 0.9753511548042297, 0.9754027724266052, 0.9759019017219543, 0.9759621620178223, 0.9762526154518127, 0.9767151474952698, 0.9768593311309814, 0.9771540760993958, 0.9770421981811523, 0.9771734476089478, 0.9770572185516357, 0.9777435660362244, 0.9779414534568787, 0.9779651165008545, 0.9778188467025757, 0.9784793257713318, 0.9784449338912964, 0.9782857298851013, 0.978595495223999, 0.9788945317268372, 0.978352427482605, 0.979215145111084, 0.9792022109031677, 0.9794862270355225, 0.9794238209724426, 0.9792452454566956, 0.9798734784126282, 0.9800434112548828, 0.9797443747520447, 0.9799250960350037, 0.9801832437515259, 0.9801445603370667, 0.9803532361984253, 0.9803187847137451, 0.981022298336029, 0.9804521799087524, 0.9809147119522095, 0.9804736971855164, 0.9811922907829285, 0.9811428189277649, 0.981063187122345, 0.981422483921051, 0.9815106987953186, 0.9810889959335327, 0.9813063144683838, 0.9819344878196716, 0.9815708994865417, 0.9815386533737183, 0.9819753766059875, 0.9817752838134766, 0.9820915460586548, 0.982465922832489, 0.9818291068077087, 0.9820162653923035], "val_loss": [0.17547716200351715, 0.15076729655265808, 0.14790652692317963, 0.14622804522514343, 0.14170359075069427, 0.13559173047542572, 0.13648030161857605, 0.1323821246623993, 0.13339507579803467, 0.13165511190891266, 0.13654682040214539, 0.1264125108718872, 0.12663154304027557, 0.12179610878229141, 0.12337179481983185, 0.12224291265010834, 0.12083972990512848, 0.1199754923582077, 0.12390126287937164, 0.11692310869693756, 0.11911263316869736, 0.12269572168588638, 0.11885309219360352, 0.12026457488536835, 0.12413199990987778, 0.12388671934604645, 0.12586702406406403, 0.13064607977867126, 0.12392199039459229, 0.12383108586072922, 0.12741802632808685, 0.13114117085933685, 0.12245889008045197, 0.12866179645061493, 0.13480977714061737, 0.1251746118068695, 0.12861032783985138, 0.12959681451320648, 0.13504400849342346, 0.1289738416671753, 0.13016486167907715, 0.12966927886009216, 0.13016994297504425, 0.13508331775665283, 0.1328365057706833, 0.1286560446023941, 0.14008256793022156, 0.1419702023267746, 0.14167234301567078, 0.13565479218959808, 0.1403835564851761, 0.1414981335401535, 0.13911013305187225, 0.1410861760377884, 0.14032629132270813, 0.14974819123744965, 0.14473974704742432, 0.14600802958011627, 0.14815407991409302, 0.1544972062110901, 0.1467416137456894, 0.15070398151874542, 0.1532142609357834, 0.15612578392028809, 0.15305805206298828, 0.1516529768705368, 0.15751995146274567, 0.1500256061553955, 0.15690366923809052, 0.16065365076065063, 0.1618088036775589, 0.16745738685131073, 0.16505636274814606, 0.1614738404750824, 0.16779275238513947, 0.16758674383163452, 0.1682884395122528, 0.1638706922531128, 0.16994576156139374, 0.16896195709705353, 0.17384245991706848, 0.16832222044467926, 0.17210982739925385, 0.17066609859466553, 0.1772397756576538, 0.17385952174663544, 0.17212365567684174, 0.1780444234609604, 0.1742181032896042, 0.1730147898197174, 0.17812645435333252, 0.17922911047935486, 0.18514344096183777, 0.1859433501958847, 0.19055989384651184, 0.17883267998695374, 0.18190449476242065, 0.18766100704669952, 0.18841584026813507, 0.19194801151752472],