{"loss": [0.17894874513149261, 0.03255075588822365, 0.02225821651518345, 0.034370843321084976, 0.025210153311491013, 0.019718971103429794, 0.03160617873072624, 0.01275797188282013, 0.020508529618382454, 0.035194724798202515], "accuracy": [0.958707332611084, 0.9893336296081543, 0.993980348110199, 0.9926074743270874, 0.9919738173484802, 0.994191586971283, 0.9934523105621338, 0.9960924983024597, 0.9958813190460205, 0.9927130341529846], "val_loss": [0.1250379979610443, 0.09585683792829514, 0.12058105319738388, 0.11015062779188156, 0.16396841406822205, 0.23887915909290314, 0.1487373262643814, 0.26068124175071716, 0.3028840720653534, 0.19245372712612152], "val_accuracy": [0.9630573391914368, 0.9747770428657532, 0.9763057231903076, 0.9780891537666321, 0.9755414128303528, 0.9717197418212891, 0.9796178340911865, 0.9740127325057983, 0.9673885107040405, 0.9747770428657532]}